"t","Longitude","Latitude","log10_step","temperature"
2022-07-23 13:07:00,-54.182633,46.8186170000029,2.7229282370973,18.98
2022-07-23 13:22:00,-54.1868725920756,46.8148614898424,2.72292883453889,18.2333333333333
2022-07-23 13:37:00,-54.1911115920303,46.8111058231616,2.72292943320389,17.4866666666667
2022-07-23 13:52:00,-54.19535,46.8073500000029,2.20121485779677,16.74
2022-07-23 14:07:00,-54.1974284377005,46.8072721887598,2.08522568312643,16.955625
2022-07-23 14:22:00,-54.1989670005206,46.8069870006154,1.96594527869004,17.194
2022-07-23 14:37:00,-54.200155266869,46.8068270003741,1.99093342485693,17.3593333333333
2022-07-23 14:52:00,-54.2014314001248,46.8067386004525,1.85626790899409,17.258
2022-07-23 15:07:00,-54.2023719333153,46.8067488668997,1.87091268401077,16.914
2022-07-23 15:22:00,-54.2033355334452,46.8066566669257,1.91611469262619,16.7033333333333
2022-07-23 15:37:00,-54.2043038757708,46.806328875514,3.12704546938789,17.36375
2022-07-23 15:52:00,-54.2164227637728,46.7976164296346,2.43327277725361,16.8186666666667
2022-07-23 16:07:00,-54.218267,46.7955324666724,1.98315348131167,17.084
2022-07-23 16:22:00,-54.218483667123,46.7946803333705,2.56638400103481,18.18
2022-07-23 16:37:00,-54.2226475517539,46.793007011436,1.89213781617929,19.2066666666667
2022-07-23 16:52:00,-54.2229311868455,46.7923331251301,1.6580245312388,18.51125
2022-07-23 17:07:00,-54.2228636000194,46.7919266000059,1.54799968617888,18.248
2022-07-23 17:22:00,-54.2228269999554,46.7916100000075,1.2651093763432,17.598
2022-07-23 17:37:00,-54.2227369999652,46.7914564000127,1.61806393168682,17.624
2022-07-23 17:52:00,-54.2223667494582,46.7911832501838,1.7400279978844,18.36
2022-07-23 18:07:00,-54.2217608660608,46.7909166670512,2.0061979407044,18.48
2022-07-23 18:22:00,-54.2205563311308,46.7905324683415,2.13136119735146,18.7113333333333
2022-07-23 18:37:00,-54.2188754642892,46.7901478693797,2.18382082944358,18.832
2022-07-23 18:52:00,-54.216896665676,46.7899524702513,3.32868215758308,19.2506666666667
2022-07-23 19:07:00,-54.2350518336494,46.7753975537137,2.84421553957085,18.2706666666667
2022-07-23 19:22:00,-54.2401391340364,46.7701778713078,2.29748652073211,17.134
2022-07-23 19:37:00,-54.2375487346294,46.7702975394742,2.26546963623477,16.892
2022-07-23 19:52:00,-54.2351830039921,46.770619692895,2.19716768646297,16.645625
2022-07-23 20:07:00,-54.2331223315731,46.7706053370797,2.23249519500542,16.9433333333333
2022-07-23 20:22:00,-54.2310003277419,46.7701223380231,2.29478815803812,17.0033333333333
2022-07-23 20:37:00,-54.2286776583062,46.7693503388394,2.33366536424868,16.63
2022-07-23 20:52:00,-54.2261496573666,46.7684890065479,2.34312775781826,16.3666666666667
2022-07-23 21:07:00,-54.2235723238058,46.7676000063779,2.96419345524276,16.17
2022-07-23 21:22:00,-54.2314463302179,46.7613314490904,3.546490609959,16.20625
2022-07-23 21:37:00,-54.2717982676694,46.7460835790203,3.28279849369234,16.192
2022-07-23 21:52:00,-54.2939801959281,46.7380300043259,2.23517111475956,15.912
2022-07-23 22:07:00,-54.2918169959942,46.7376100052974,2.21106805153903,15.64
2022-07-23 22:22:00,-54.2896966007514,46.7374998043302,2.22090156927992,15.488
2022-07-23 22:37:00,-54.2875234005043,46.7375630053729,3.33072990165049,15.386
2022-07-23 22:52:00,-54.3111492610768,46.7272211310019,3.56457330346442,15.56375
2022-07-23 23:07:00,-54.352015418194,46.7099397058902,3.27505584294147,15.92
2022-07-23 23:22:00,-54.3727579353921,46.7008103387446,2.20463078743427,15.6946666666667
2022-07-23 23:37:00,-54.3706723955816,46.7006836706562,2.24675545724116,15.2526666666667
2022-07-23 23:52:00,-54.3685999892361,46.6999865061799,2.29815537979133,15.285625
2022-07-24 00:07:00,-54.3663567914046,46.6990866052182,2.3101127146069,15.1
2022-07-24 00:22:00,-54.364003390235,46.6982202067182,2.33705347082449,14.846
2022-07-24 00:37:00,-54.3614629899923,46.6973468068032,2.29695431806354,14.894
2022-07-24 00:52:00,-54.3590597967594,46.6966834049874,2.20673549196995,14.906
2022-07-24 01:07:00,-54.3569625021329,46.6965707545077,2.17991163183251,14.87375
2022-07-24 01:22:00,-54.3550000005297,46.6967390036863,2.16761697449964,14.89
2022-07-24 01:37:00,-54.353077666029,46.696755336713,2.14236731419541,14.8633333333333
2022-07-24 01:52:00,-54.3512663331025,46.6966890028031,2.1240462149086,14.7366666666667
2022-07-24 02:07:00,-54.3495276676607,46.6967113365312,2.13376439370324,14.6333333333333
2022-07-24 02:22:00,-54.3477670016976,46.6968833359743,2.0842570613586,14.57
2022-07-24 02:37:00,-54.3462241890955,46.6971384393847,1.99588556667108,14.674375
2022-07-24 02:52:00,-54.3449566664675,46.697319667703,1.94247047802295,14.78
2022-07-24 03:07:00,-54.3438433310428,46.6971363344655,2.00687971907465,14.584
2022-07-24 03:22:00,-54.342773331745,46.6965954006211,1.89245217692679,14.682
2022-07-24 03:37:00,-54.3420299993742,46.6961146001782,1.60847478922998,14.7673333333333
2022-07-24 03:52:00,-54.3415754672586,46.6959263335248,1.79672005794274,14.6666666666667
2022-07-24 04:07:00,-54.3410290018417,46.6963455005496,1.94050073794521,14.415
2022-07-24 04:22:00,-54.3402636010614,46.6969264004157,1.84268392304345,14.494
2022-07-24 04:37:00,-54.3395265999397,46.6972934002711,1.62987045371362,14.754
2022-07-24 04:52:00,-54.3389737503566,46.697342000072,1.68611040641034,14.805625
2022-07-24 05:07:00,-54.3387213999601,46.6977424666729,1.79932276295152,14.9
2022-07-24 05:22:00,-54.33875,46.6983086000057,1.77381265077592,14.4966666666667
2022-07-24 05:37:00,-54.3387833331637,46.6988422667039,1.68097781506161,14.4006666666667
2022-07-24 05:52:00,-54.3391155987327,46.6992080670507,2.00843061360199,14.348
2022-07-24 06:07:00,-54.3399824652154,46.6999044003832,2.05215673971772,14.4186666666667
2022-07-24 06:22:00,-54.3408863310763,46.700705267338,2.13329434074125,14.5453333333333
2022-07-24 06:37:00,-54.3420608640485,46.7016222675681,2.15176035935034,14.5786666666667
2022-07-24 06:52:00,-54.3433657980103,46.7025280672992,2.10067548557422,14.5686666666667
2022-07-24 07:07:00,-54.3444579979396,46.7033771254821,2.11137219493544,14.555
2022-07-24 07:22:00,-54.3454219318481,46.704331400488,2.16131536871479,14.5286666666667
2022-07-24 07:37:00,-54.3467491993832,46.7052619337511,2.02011941983392,14.6566666666667
2022-07-24 07:52:00,-54.3479593744164,46.7057023752361,1.95490518909315,14.778125
2022-07-24 08:07:00,-54.34885,46.7062330000029,1.81973977831976,15.2
2022-07-24 08:22:00,-54.349383,46.7067000000028,1.87951367570498,14.93
2022-07-24 08:37:00,-54.35,46.7072330000029,1.88090398315036,15.4
2022-07-24 08:52:00,-54.35065,46.7077500000029,1.8424197921191,16.09
2022-07-24 09:07:00,-54.3508,46.7083670000029,1.86446250256368,16.27
2022-07-24 09:22:00,-54.35095,46.7090170000029,2.08225503525385,17.35
2022-07-24 09:37:00,-54.3501,46.7099330000029,2.11887771041557,16.75
2022-07-24 09:52:00,-54.349183,46.7109330000029,2.96370454815426,17.67
2022-07-24 10:07:00,-54.353383,46.7031830000029,2.02433449872152,16.14
2022-07-24 10:22:00,-54.3521801881963,46.7036517504258,2.07111807325848,16.1025
2022-07-24 10:37:00,-54.3535933325644,46.7040722006995,2.00089695261574,16.044
2022-07-24 10:52:00,-54.3527358675001,46.7047533336283,2.11063046114687,16.432
2022-07-24 11:07:00,-54.3513911344363,46.7054533338455,2.12460382235831,16.572
2022-07-24 11:22:00,-54.3499466677815,46.7061225339089,2.13275717972384,16.4493333333333
2022-07-24 11:37:00,-54.3482601264101,46.7065021265785,2.23368288176056,17.1575
2022-07-24 11:52:00,-54.346025799172,46.7064052693721,2.30020578240275,17.208
2022-07-24 12:07:00,-54.3434489316527,46.7061230034527,2.33767168463881,16.4893333333333
2022-07-24 12:22:00,-54.340615265746,46.7059530041428,2.3645945064863,17.3073333333333
2022-07-24 12:37:00,-54.3376763298602,46.7054563377191,2.3108851333628,17.4673333333333
2022-07-24 12:52:00,-54.3351168707416,46.7049231297219,2.31867044588148,17.965625
2022-07-24 13:07:00,-54.3324569970631,46.7045234050861,3.81420199781676,17.36
2022-07-24 13:22:00,-54.4159878759674,46.6929640947597,3.91169589421297,19.852
2022-07-24 13:37:00,-54.5216427395151,46.6831044006258,3.17028832942491,20.064
2022-07-24 13:52:00,-54.5407749978168,46.6811752559596,2.3010380949199,18.615
2022-07-24 14:07:00,-54.5381691323803,46.6810436725777,2.27523212649718,17.9573333333333
2022-07-24 14:22:00,-54.5357070002867,46.6810412049121,2.22469452018143,17.638
2022-07-24 14:37:00,-54.5335270015202,46.6811966704288,2.20141678836762,17.2566666666667
2022-07-24 14:52:00,-54.5314754017154,46.6814208701964,2.11542856303376,17.304
2022-07-24 15:07:00,-54.5298212683129,46.6817030019634,2.10841883052323,16.8173333333333
2022-07-24 15:22:00,-54.5282070018933,46.6820154689914,2.29709049267515,16.7886666666667
2022-07-24 15:37:00,-54.5256887379495,46.682430006847,2.39469086070203,18.1553333333333
2022-07-24 15:52:00,-54.5226415748665,46.6831914479017,3.63631662766016,18.554375
2022-07-24 16:07:00,-54.5701538158341,46.704303354004,3.81740396852963,18.6845833333333
2022-07-24 16:22:00,-54.6430547597864,46.7354953398488,3.81742241536511,18.9314583333333
2022-07-24 16:37:00,-54.7160400250884,46.7666409790344,3.543020541695,19.1783333333333
2022-07-24 16:52:00,-54.7543933393436,46.7836996685041,2.19508369682388,18.106
2022-07-24 17:07:00,-54.7530466740068,46.7847622021301,2.19747840530423,16.562
2022-07-24 17:22:00,-54.7515766726364,46.785755735943,3.48821896696425,16.3373333333333
2022-07-24 17:37:00,-54.7852337886433,46.8009605216292,3.88645527010529,17.798
2022-07-24 17:52:00,-54.8675092282745,46.8409728091713,3.95617530032646,18.9826666666667
2022-07-24 18:07:00,-54.9605399957679,46.8912966525928,3.98347485255896,18.1046666666667
2022-07-24 18:22:00,-55.05424820386,46.9493063603139,3.8826987637569,17.3933333333333
2022-07-24 18:37:00,-55.1441703110374,46.9795917216029,3.84392361892977,18.204375
2022-07-24 18:52:00,-55.2248722170492,46.949852436982,3.88433386667418,20.182
2022-07-24 19:07:00,-55.3031875336702,46.9066882216874,3.85068597816568,20.074
2022-07-24 19:22:00,-55.3914182156154,46.8866183052521,3.66567925531399,17.848
2022-07-24 19:37:00,-55.4493731991481,46.8742569306875,3.40723131875052,14.516
2022-07-24 19:52:00,-55.4826227929441,46.8716407356162,3.53181047845313,13.1975
2022-07-24 20:07:00,-55.5268556665472,46.8678166666727,2.2436042725463,14.0766666666667
2022-07-24 20:22:00,-55.5269779981844,46.8693890001131,2.22897912877614,13.22
2022-07-24 20:37:00,-55.5273999954043,46.8708836670207,2.311486518124,12.9566666666667
2022-07-24 20:52:00,-55.5280240573824,46.8726741879866,2.29526222079892,12.115
2022-07-24 21:07:00,-55.5286591297403,46.874393333581,2.28443837923282,12.2566666666667
2022-07-24 21:22:00,-55.5291345318513,46.8760921334246,2.18697324029518,11.7246666666667
2022-07-24 21:37:00,-55.5293136678579,46.8774687333731,2.20768680580068,11.2433333333333
2022-07-24 21:52:00,-55.5291891330513,46.8789158000116,2.00389539018703,10.9993333333333
2022-07-24 22:07:00,-55.5293374989398,46.8798167501058,1.9668984724832,10.64
2022-07-24 22:22:00,-55.5297199987477,46.8806070002565,1.96496848642675,10.826
2022-07-24 22:37:00,-55.5303899981587,46.8812970006344,1.93777980265738,10.236
2022-07-24 22:52:00,-55.5312566001337,46.8818002002037,1.64449810997896,10.398
2022-07-24 23:07:00,-55.5318329995459,46.8817705004302,1.8212879864808,11.2025
2022-07-24 23:22:00,-55.5326541993531,46.8819642008352,2.00961963736666,10.87
2022-07-24 23:37:00,-55.5339580664632,46.8821758010389,2.02853918557118,10.5633333333333
2022-07-24 23:52:00,-55.5353533330016,46.8822508673378,1.95474094842385,10.216
2022-07-25 00:07:00,-55.5365233334735,46.8823603341893,2.00508432219102,9.898
2022-07-25 00:22:00,-55.5378410680064,46.8822591343722,2.09794598478753,9.70333333333333
2022-07-25 00:37:00,-55.5393452690648,46.8818075352857,2.20770211157351,9.79933333333333
2022-07-25 00:52:00,-55.5413010684919,46.8812570017897,2.18054624577809,9.84666666666667
2022-07-25 01:07:00,-55.5431686020933,46.8807936682433,2.17797927244649,9.75333333333333
2022-07-25 01:22:00,-55.5449687527789,46.880237752207,2.22813998356963,9.6925
2022-07-25 01:37:00,-55.5470100015309,46.8796463348995,2.28242334971025,9.602
2022-07-25 01:52:00,-55.5493878014384,46.8790930011632,2.2365084467995,10.0133333333333
2022-07-25 02:07:00,-55.5514701267392,46.8784923765371,2.27401619498437,9.526875
2022-07-25 02:22:00,-55.5537670000001,46.8778830000029,2.29936510304241,9.93
2022-07-25 02:37:00,-55.5562670000001,46.8773670000029,2.32086824197006,9.56
2022-07-25 02:52:00,-55.5588670000001,46.8767670000029,2.34546568530691,9.7
2022-07-25 03:07:00,-55.5616830000001,46.8762830000029,2.35059723468977,10.15
2022-07-25 03:22:00,-55.5645670000001,46.8759000000029,2.36006254039027,10.24
2022-07-25 03:37:00,-55.5675500000001,46.8756670000028,2.32289945015508,9.92
2022-07-25 03:52:00,-55.5702670000001,46.8753500000029,2.35232703542901,9.78
2022-07-25 04:07:00,-55.5731732512425,46.8750059399574,2.35167528923305,10.051875
2022-07-25 04:22:00,-55.5761044672892,46.8748122023363,2.31110900109596,9.538
2022-07-25 04:37:00,-55.5787733338959,46.8746292019082,2.32910054296522,9.45333333333333
2022-07-25 04:52:00,-55.5815633337134,46.8745078021297,2.31410235344551,9.37533333333333
2022-07-25 05:07:00,-55.5842437514524,46.8742812538738,2.31474763801903,9.37
2022-07-25 05:22:00,-55.5869400007735,46.8741347370069,2.31649648026639,9.40466666666667
2022-07-25 05:37:00,-55.5896547335325,46.8740875370532,2.29549822370876,9.436
2022-07-25 05:52:00,-55.5922270011863,46.8738958032773,2.20998507869514,9.40533333333333
2022-07-25 06:07:00,-55.594242268748,46.8734336685523,2.19624878480434,9.10533333333333
2022-07-25 06:22:00,-55.5962875007309,46.8732719407161,2.18821612000431,9.506875
2022-07-25 06:37:00,-55.598260002035,46.8729700026547,2.22096605169276,9.29
2022-07-25 06:52:00,-55.6001564046765,46.8722336024758,2.20520395363053,9.202
2022-07-25 07:07:00,-55.6020802029811,46.8716534026114,2.23949195576547,9.288
2022-07-25 07:22:00,-55.6041734040253,46.8710436031752,2.19225485353823,9.038
2022-07-25 07:37:00,-55.6058400039278,46.8702370016794,2.1805671300575,9.01
2022-07-25 07:52:00,-55.607425005149,46.8694167523651,2.30534787414289,8.9075
2022-07-25 08:07:00,-55.6094633436171,46.8682591374601,2.37068012763809,9.10466666666667
2022-07-25 08:22:00,-55.6116391457043,46.8667678706707,3.7689813627986,9.54933333333333
2022-07-25 08:37:00,-55.6879259463744,46.8598184049007,3.96113357688877,11.495
2022-07-25 08:52:00,-55.804467830725,46.8409370148498,4.00960978337066,12.4866666666667
2022-07-25 09:07:00,-55.9371772597275,46.8529959670259,3.86002109760087,15.9433333333333
2022-07-25 09:22:00,-56.029909355989,46.8667544509201,3.49371366278063,17.2033333333333
2022-07-25 09:37:00,-56.0707283507529,46.8664669907825,3.32121584854723,16.5233333333333
2022-07-25 09:52:00,-56.0980058321105,46.8644284189199,3.4067615527014,15.8833333333333
2022-07-25 10:07:00,-56.1279199464003,46.8746395925404,2.96374688881407,16.6866666666667
2022-07-25 10:22:00,-56.1372123740515,46.879899877727,2.1225017008876,17.2025
2022-07-25 10:37:00,-56.1355001979505,46.8797000035167,2.1498272361255,17.042
2022-07-25 10:52:00,-56.1337265966418,46.8793402031476,2.20911642499176,16.684
2022-07-25 11:07:00,-56.1319133919293,46.8785868036442,2.3370010557004,16.478
2022-07-25 11:22:00,-56.1298265843428,46.8772598052208,2.35067173134346,16.372
2022-07-25 11:37:00,-56.1279633887977,46.8757030027346,2.30324247737387,16.554
2022-07-25 11:52:00,-56.1266791161599,46.8741267513836,2.32359151328794,16.603125
2022-07-25 12:07:00,-56.12517871951,46.8725387371814,2.66869501766821,16.5573333333333
2022-07-25 12:22:00,-56.1312333122341,46.8719868498118,3.68736181678295,17.1233333333333
2022-07-25 12:37:00,-56.1931664103714,46.8823928276987,3.79885116940814,19.11
2022-07-25 12:52:00,-56.2700350860505,46.9028293143489,3.33080084380665,21.6453333333333
2022-07-25 13:07:00,-56.293681270917,46.9131944693331,2.08103664479777,21.6386666666667
2022-07-25 13:22:00,-56.2924835037695,46.9139000009532,2.0441329340705,20.665
2022-07-25 13:37:00,-56.2916511363085,46.9147142673384,2.04740644804039,20.256
2022-07-25 13:52:00,-56.2908209367499,46.9155387341839,2.08473383118216,20.0313333333333
2022-07-25 14:07:00,-56.2896500044174,46.9162788691104,2.1135637350734,19.6853333333333
2022-07-25 14:22:00,-56.2882587375472,46.9169511350785,2.11817812762023,19.0773333333333
2022-07-25 14:37:00,-56.2868466926559,46.9176248155404,2.14118274117616,19.378125
2022-07-25 14:52:00,-56.2852332036067,46.9181932029093,2.21220543696988,19.694
2022-07-25 15:07:00,-56.2832130053343,46.9186698067999,2.28734001177071,19.566
2022-07-25 15:22:00,-56.2807830057147,46.9191768052953,2.29648666088121,19.19
2022-07-25 15:37:00,-56.2783143821771,46.9197232590852,2.91581270557681,18.9125
2022-07-25 15:52:00,-56.2706264631167,46.9145282951965,3.41239833055341,20.41
2022-07-25 16:07:00,-56.2515197492364,46.8953614847767,3.38292301067793,23.0266666666667
2022-07-25 16:22:00,-56.2265900533521,46.8820062060056,3.228778525507,20.87
2022-07-25 16:37:00,-56.2059446648648,46.8875723367116,2.12877749078583,17.49
2022-07-25 16:52:00,-56.2042156234483,46.887338877253,2.04886576578778,17.81125
2022-07-25 17:07:00,-56.2028033315943,46.887069134778,2.03076857190949,17.9286666666667
2022-07-25 17:22:00,-56.2014899986075,46.8867245348908,2.05354272786007,17.7786666666667
2022-07-25 17:37:00,-56.2000421331208,46.8865079358492,2.08994268868724,17.702
2022-07-25 17:52:00,-56.1984372485501,46.8864080015672,2.01354543739105,17.43
2022-07-25 18:07:00,-56.1971465990555,46.886133001124,2.01544729055211,17.574
2022-07-25 18:22:00,-56.1958229998478,46.8859264016794,2.04376784019491,17.168
2022-07-25 18:37:00,-56.1943763995381,46.8858700007491,1.85658838588001,17.082
2022-07-25 18:52:00,-56.1934366006767,46.8858300002297,1.78513198244943,17.058
2022-07-25 19:07:00,-56.1928964005388,46.8862334001364,1.75880524300158,17.014
2022-07-25 19:22:00,-56.192416600629,46.8866302003156,1.80097359010389,17.272
2022-07-25 19:37:00,-56.1918230006419,46.8870264000684,1.92419754826305,16.92
2022-07-25 19:52:00,-56.1914664012176,46.8877400002425,1.95225018855813,16.76
2022-07-25 20:07:00,-56.1909405632656,46.8884593750724,1.97514772075389,16.77875
2022-07-25 20:22:00,-56.1905763348848,46.8892700003277,2.03695558432446,16.8426666666667
2022-07-25 20:37:00,-56.1898142003894,46.8900966668064,1.79630408999903,16.7206666666667
2022-07-25 20:52:00,-56.1892336681751,46.8904933338422,2.04079943467725,16.728
2022-07-25 21:07:00,-56.1882420017684,46.8912083754819,1.41363912005497,17.13625
2022-07-25 21:22:00,-56.1880112211196,46.8913791661057,3.08916827369505,16.9035443037975
2022-07-25 21:37:00,-56.1976728435919,46.8825612240387,3.08917098587286,16.9567088607595
2022-07-25 21:52:00,-56.2073312904116,46.8737424693912,3.08917370479975,17.0098734177215
2022-07-25 22:07:00,-56.2169865633091,46.8649229026809,3.08917643047548,17.0630379746835
2022-07-25 22:22:00,-56.2266386640142,46.8561025244251,3.08917916289846,17.1162025316456
2022-07-25 22:37:00,-56.2362875942556,46.8472813351406,1.75491527843551,17.1693670886076
2022-07-25 22:52:00,-56.2360698225136,46.8477698050246,3.15861226048078,16.268
2022-07-25 23:07:00,-56.2223089303164,46.8566207538632,3.12672853161263,16.2875
2022-07-25 23:22:00,-56.2048465154131,46.8576724031177,2.69491233484179,16.6193333333333
2022-07-25 23:37:00,-56.1983642056035,46.857526671443,2.19804537454412,16.6293333333333
2022-07-25 23:52:00,-56.1971588038016,46.8586775338611,2.1384360260077,16.2113333333333
2022-07-26 00:07:00,-56.1966866893654,46.859869687643,2.12095950649468,16.16625
2022-07-26 00:22:00,-56.1963110018551,46.8610280001484,2.04855373908332,16.27
2022-07-26 00:37:00,-56.1956943357092,46.8619390005256,1.93763240026516,16.2533333333333
2022-07-26 00:52:00,-56.1952166676332,46.8626446667909,1.69114777088952,16.17
2022-07-26 01:07:00,-56.1949446669235,46.8630443333916,1.34894318250275,15.98
2022-07-26 01:22:00,-56.1949223332762,46.8632443333458,1.06436443175965,15.8266666666667
2022-07-26 01:37:00,-56.1948249998108,46.8631643750466,1.41669763861147,15.9275
2022-07-26 01:52:00,-56.1947698000372,46.8629330000069,1.28708236649494,15.752
2022-07-26 02:07:00,-56.1947133999401,46.8627634000198,1.95169902671743,15.652
2022-07-26 02:22:00,-56.1954470056199,46.8621368017718,1.99680100899248,15.76
2022-07-26 02:37:00,-56.1949265944426,46.8613198031477,2.13427607791612,15.848
2022-07-26 02:52:00,-56.1934031963961,46.8606832020045,2.02119801469307,15.874
2022-07-26 03:07:00,-56.1922689349767,46.8601501886492,1.98884008586824,15.920625
2022-07-26 03:22:00,-56.191221264078,46.8596503346912,2.0755446451101,15.9173333333333
2022-07-26 03:37:00,-56.1898375963725,46.859158869506,2.06854143747308,15.9226666666667
2022-07-26 03:52:00,-56.1884579972881,46.8587000017066,1.79719505719119,16.115
2022-07-26 04:07:00,-56.1877009333769,46.8584824000925,1.23725818900132,16.1346666666667
2022-07-26 04:22:00,-56.1874800000232,46.8585154000301,0.94491823008569,15.98
2022-07-26 04:37:00,-56.1873845999799,46.8584709333403,1.03313192851586,15.9566666666667
2022-07-26 04:52:00,-56.1873203333183,46.8583846000166,1.10619203303866,15.916
2022-07-26 05:07:00,-56.1872123999189,46.8582970000206,1.18649251820683,15.914
2022-07-26 05:22:00,-56.1870412666842,46.8582244667313,1.25117423487341,15.9253333333333
2022-07-26 05:37:00,-56.1868077999829,46.8582255333984,1.43777079057291,15.9293333333333
2022-07-26 05:52:00,-56.1864496667828,46.85824033361,1.60295764787948,15.9073333333333
2022-07-26 06:07:00,-56.1859423753784,46.8583326253299,1.69124162677786,15.926875
2022-07-26 06:22:00,-56.1853130000575,46.8584234006745,1.7698774456349,16.044
2022-07-26 06:37:00,-56.1845466003747,46.8584798005415,1.93850295586831,16.078
2022-07-26 06:52:00,-56.1834101984207,46.8584700032685,2.15683525034059,16.046
2022-07-26 07:07:00,-56.1815812458215,46.8581748792944,2.18436568889317,16.1675
2022-07-26 07:22:00,-56.1796943295738,46.8577163365336,2.20137692550178,16.23
2022-07-26 07:37:00,-56.1777443287482,46.8572163380906,2.17183069682786,16.07
2022-07-26 07:52:00,-56.1758554377638,46.8568986266283,1.96662568402371,16.215625
2022-07-26 08:07:00,-56.1746433331242,46.8569196677985,1.96757996091267,16.272
2022-07-26 08:22:00,-56.1734311995822,46.856860868301,2.02267334046534,16.0273333333333
2022-07-26 08:37:00,-56.1720569995922,46.8567778682242,2.01046090083917,16.0333333333333
2022-07-26 08:52:00,-56.1707336651465,46.8566279346695,2.05547705203517,16.0886666666667
2022-07-26 09:07:00,-56.1693369973783,46.8562763360979,2.24633309316867,16.1906666666667
2022-07-26 09:22:00,-56.167067000226,46.8559872617947,2.49236880462915,16.18
2022-07-26 09:37:00,-56.1711329669181,46.8560825567298,3.42184647998408,15.8074193548387
2022-07-26 09:52:00,-56.2057131175381,46.8564890924074,3.35780012948138,16.1945161290323
2022-07-26 10:07:00,-56.2355497511598,46.8568997505469,1.98724374837107,16.4625
2022-07-26 10:22:00,-56.234522534483,46.8574136672164,2.12113648890744,16.0006666666667
2022-07-26 10:37:00,-56.2331166675115,46.8581058670957,2.06995633322932,16.17
2022-07-26 10:52:00,-56.2318500014204,46.858704467282,2.53950589472425,16.472
2022-07-26 11:07:00,-56.2273512677601,46.8583131184304,3.61559991892898,16.8066666666667
2022-07-26 11:22:00,-56.1802266819953,46.840189726231,3.70558098489249,17.192
2022-07-26 11:37:00,-56.1273525209674,46.812581939368,2.64280036918074,17.262
2022-07-26 11:52:00,-56.1226822986568,46.8102815671865,2.63949449777048,15.8875
2022-07-26 12:07:00,-56.1186670000001,46.8075000000029,2.72361133614342,15.85
2022-07-26 12:22:00,-56.1139830000001,46.8040000000029,2.79005279441269,15.64
2022-07-26 12:37:00,-56.1090830000001,46.7996000000029,2.79319587212696,15.83
2022-07-26 12:52:00,-56.1046767244122,46.794912505642,2.84022902072524,15.755
2022-07-26 13:07:00,-56.09963883611,46.7897466736729,2.87581193476667,15.8993333333333
2022-07-26 13:22:00,-56.0953958369326,46.7836600047467,2.80966892227711,16.6193333333333
2022-07-26 13:37:00,-56.0921769807074,46.7783033360277,2.75066153322345,17.8553333333333
2022-07-26 13:52:00,-56.0905044577954,46.7733766673378,3.00403622387117,17.996
2022-07-26 14:07:00,-56.0992359424855,46.7665792242902,2.71266840041397,17.72
2022-07-26 14:22:00,-56.1026978131961,46.7626011358318,2.48209930712129,16.496
2022-07-26 14:37:00,-56.10209079738,46.7599074668761,2.57616621372688,16.438
2022-07-26 14:52:00,-56.1027627561503,46.756554125337,3.85538248383039,16.58875
2022-07-26 15:07:00,-56.0396351757123,46.7089993437411,4.01315596561107,18.82
2022-07-26 15:22:00,-55.9369816899494,46.649149116483,3.89666056655164,19.888
2022-07-26 15:37:00,-55.8603440526382,46.6019588437344,3.21887276996642,20.4875
2022-07-26 15:52:00,-55.8432869990111,46.5928530078284,2.44741409494561,18.264
2022-07-26 16:07:00,-55.8396417477218,46.5927085128608,2.51278447652714,17.7325
2022-07-26 16:22:00,-55.8354233272368,46.5923854164996,2.56867928434404,17.5153333333333
2022-07-26 16:37:00,-55.8306441911291,46.5919163539367,3.54685213978193,17.1513333333333
2022-07-26 16:52:00,-55.7951067006114,46.571887321756,3.91533471723546,19.03
2022-07-26 17:07:00,-55.7147289204063,46.5229915064551,3.93459479083617,19.5226666666667
2022-07-26 17:22:00,-55.6199436347245,46.4818807835124,3.36311287674378,18.098
2022-07-26 17:37:00,-55.5924254160062,46.4736063399438,2.42184646612409,17.1553333333333
2022-07-26 17:52:00,-55.5898254806298,46.4751579388065,2.39613554424703,16.7406666666667
2022-07-26 18:07:00,-55.5874195782312,46.4766553184368,2.39544967817467,16.6775
2022-07-26 18:22:00,-55.5851556815995,46.478250004761,2.4607853236534,16.6966666666667
2022-07-26 18:37:00,-55.582017019364,46.4796780125555,2.49683657906828,16.9533333333333
2022-07-26 18:52:00,-55.5783723520551,46.4809503463602,3.64716434951716,17.2266666666667
2022-07-26 19:07:00,-55.530398987219,46.4587789611184,3.9837636436408,18.64375
2022-07-26 19:22:00,-55.4150754367488,46.4250389248978,3.92785726250537,19.69
2022-07-26 19:37:00,-55.3100013543077,46.4024063933324,3.46074174788035,18.428
2022-07-26 19:52:00,-55.2736533776591,46.3959400749725,3.77449383630448,17.276
2022-07-26 20:07:00,-55.2023696760057,46.3752935867988,4.03459485511527,17.572
2022-07-26 20:22:00,-55.0695338725279,46.34340908542,4.08084027137348,17.758
2022-07-26 20:37:00,-54.9200150706339,46.3118339302424,4.08003080739989,18.146
2022-07-26 20:52:00,-54.7710026561619,46.2799660352736,3.92222936696738,18.816
2022-07-26 21:07:00,-54.6677581746217,46.2570861891028,3.72694740271366,18.413125
2022-07-26 21:22:00,-54.6022352653866,46.2418315936904,3.85672917673793,17.926
2022-07-26 21:37:00,-54.5134490829386,46.2222554404882,4.02546575021845,18.3826666666667
2022-07-26 21:52:00,-54.3829003775226,46.1926435020102,4.02903448806164,18.802
2022-07-26 22:07:00,-54.2470111652259,46.1743375348795,3.99970531614559,18.6525
2022-07-26 22:22:00,-54.1178296917354,46.1695769693238,3.99967938215643,18.3196875
2022-07-26 22:37:00,-53.9886709194454,46.164670921564,3.99965449433061,17.986875
2022-07-26 22:52:00,-53.8595355233635,46.1596194424766,3.99963065255934,17.6540625
2022-07-26 23:07:00,-53.7304241775313,46.1544225844229,3.99960785673916,17.32125
2022-07-26 23:22:00,-53.6013375549975,46.1490804012463,3.93891021191817,16.9884375
2022-07-26 23:37:00,-53.4891363181454,46.1439619367449,2.56980985181318,16.632
2022-07-26 23:52:00,-53.4865763182869,46.141134402671,2.59137521028493,16.214
2022-07-27 00:07:00,-53.48427631797,46.138008602671,2.59576748508279,16.3686666666667
2022-07-27 00:22:00,-53.4819976099599,46.1348353774913,2.58389117052983,16.3475
2022-07-27 00:37:00,-53.4798766598406,46.1317152676009,2.5910963924072,16.2453333333333
2022-07-27 00:52:00,-53.4780366603602,46.1284480674565,2.58780963556522,16.0413333333333
2022-07-27 01:07:00,-53.4763888631969,46.1251596669006,2.57546303250618,16.0693333333333
2022-07-27 01:22:00,-53.475517465864,46.1218296666872,2.52742798194652,16.1953333333333
2022-07-27 01:37:00,-53.4753388684546,46.1188019334313,2.47938786044333,16.1373333333333
2022-07-27 01:52:00,-53.4759570028954,46.1161232503639,2.40583159561771,16.24625
2022-07-27 02:07:00,-53.4770669999999,46.1139670000029,2.43868295599021,16.34
2022-07-27 02:22:00,-53.4785329999999,46.1117170000029,2.38943424797711,16.25
2022-07-27 02:37:00,-53.4799669999999,46.1097500000029,2.39348019597999,16.14
2022-07-27 02:52:00,-53.4817829999999,46.1079170000029,2.40290111120558,16.05
2022-07-27 03:07:00,-53.4838999999999,46.1061830000029,2.35078903755229,15.9
2022-07-27 03:22:00,-53.4859169999999,46.1047330000029,2.3749860245084,15.87
2022-07-27 03:37:00,-53.4884999999999,46.1035830000029,2.37183687703437,15.91
2022-07-27 03:52:00,-53.4911718782803,46.1025676895808,2.33469520610847,16.163125
2022-07-27 04:07:00,-53.4936992023207,46.1017374683912,2.35474310484541,15.9466666666667
2022-07-27 04:22:00,-53.4964178023132,46.1009830020321,2.38453209590527,15.8926666666667
2022-07-27 04:37:00,-53.4993533358834,46.1002180690334,2.40881559959487,15.8153333333333
2022-07-27 04:52:00,-53.5025674686732,46.0996536695081,2.36702615301009,15.8286666666667
2022-07-27 05:07:00,-53.5055363344451,46.0993052690334,2.34881845119651,15.8486666666667
2022-07-27 05:22:00,-53.5084166258091,46.0991666294916,2.19958948499514,15.70125
2022-07-27 05:37:00,-53.5104614002691,46.0990919351906,2.15400011619554,15.6453333333333
2022-07-27 05:52:00,-53.5122769989927,46.0993144016382,2.11797320731653,15.64
2022-07-27 06:07:00,-53.5139469993083,46.0995233347108,2.00258876723183,15.9173333333333
2022-07-27 06:22:00,-53.5152232493426,46.0996986886283,2.00623177988882,15.675625
2022-07-27 06:37:00,-53.5164397986449,46.1000402010373,2.08608087381871,15.626
2022-07-27 06:52:00,-53.517710197332,46.1006898011559,2.05835370736803,15.662
2022-07-27 07:07:00,-53.5188069979157,46.1013802007749,2.12368807537417,15.774
2022-07-27 07:22:00,-53.519778996085,46.1023667508497,2.17686133742536,16.115
2022-07-27 07:37:00,-53.5205221302173,46.1036158003851,2.1638008576394,15.9853333333333
2022-07-27 07:52:00,-53.5210057981508,46.1048836668207,2.1481464579222,15.812
2022-07-27 08:07:00,-53.5212878656334,46.1061336667187,2.11209077365479,15.714
2022-07-27 08:22:00,-53.5213258001325,46.1072978666734,2.15570700898734,15.6753333333333
2022-07-27 08:37:00,-53.5218669966286,46.1085291338187,2.16322789306115,15.6773333333333
2022-07-27 08:52:00,-53.5226045302567,46.1097345337972,2.11600703891277,15.6726666666667
2022-07-27 09:07:00,-53.5231057983724,46.1108566668207,2.11293893878914,15.758
2022-07-27 09:22:00,-53.5233654989474,46.1120093750495,2.13394540162247,15.934375
2022-07-27 09:37:00,-53.5234223334139,46.1132333333393,2.05844102653865,15.9066666666667
2022-07-27 09:52:00,-53.5231056683293,46.1142386668838,2.10036712856279,16.0866666666667
2022-07-27 10:07:00,-53.522028004651,46.115089001859,2.00798155692777,16.02
2022-07-27 10:22:00,-53.5212645015438,46.1158357502451,1.95402978759057,15.93625
2022-07-27 10:37:00,-53.5205730022803,46.1164866007618,1.97842471479254,15.958
2022-07-27 10:52:00,-53.5196630022756,46.1170630009501,1.89032147347025,16.192
2022-07-27 11:07:00,-53.5187934007711,46.1174132007025,1.90497289336796,16.328
2022-07-27 11:22:00,-53.5178166012605,46.1176602012354,2.13217404607063,16.254
2022-07-27 11:37:00,-53.5160629985626,46.1176770050704,2.27152528534296,16.15
2022-07-27 11:52:00,-53.5136529987004,46.11754680681,2.26764701840644,16.026
2022-07-27 12:07:00,-53.5112829962484,46.1173031311861,2.27652344062555,16.256875
2022-07-27 12:22:00,-53.5088820630398,46.1169809403016,2.31928889995903,16.32
2022-07-27 12:37:00,-53.5062690593957,46.1165130078173,2.35684556180507,16.34
2022-07-27 12:52:00,-53.5034169943632,46.1160111431055,2.41077826984951,16.5173333333333
2022-07-27 13:07:00,-53.5000970116418,46.1161988807361,3.54254889788652,16.39
2022-07-27 13:22:00,-53.455025853224,46.1176247093068,3.96941754852022,16.72
2022-07-27 13:37:00,-53.3369991899268,46.1348123726543,4.10341850954061,16.9846666666667
2022-07-27 13:52:00,-53.1883243635856,46.1833724041236,4.08453645901653,16.3253333333333
2022-07-27 14:07:00,-53.0458452920817,46.229867772261,4.06029722701668,15.4526666666667
2022-07-27 14:22:00,-52.9296082219906,46.2945711322461,4.06251048834543,14.7486666666667
2022-07-27 14:37:00,-52.8852462136726,46.3938282461949,3.98978632358163,14.06390625
2022-07-27 14:52:00,-52.8789382273912,46.4816020913646,3.98979191268892,13.2365625
2022-07-27 15:07:00,-52.8726098549872,46.5693755886387,3.98979750575506,12.40921875
2022-07-27 15:22:00,-52.8662609677089,46.6571487358184,3.91038110174879,11.581875
2022-07-27 15:37:00,-52.8640263721313,46.7303271424898,3.19197549879606,10.634
2022-07-27 15:52:00,-52.8743136205384,46.7424070231812,2.53088796738644,9.694
2022-07-27 16:07:00,-52.8703765770773,46.7438236079807,2.43179817072407,10.224
2022-07-27 16:22:00,-52.8728017487281,46.7455937514986,2.03662596688561,9.141875
2022-07-27 16:37:00,-52.8714408659056,46.7453056005776,2.1985873859791,9.25
2022-07-27 16:52:00,-52.8701281317016,46.7464036709542,3.04074475495053,8.43
2022-07-27 17:07:00,-52.8681599476164,46.7561924755494,2.67681784746238,9.756
2022-07-27 17:22:00,-52.8717066494537,46.7597042002523,2.87732074062777,9.296
2022-07-27 17:37:00,-52.8729815376149,46.7529781669442,3.39694754748131,10.6066666666667
2022-07-27 17:52:00,-52.8848773761973,46.773877128522,2.29501603526703,10.045
2022-07-27 18:07:00,-52.8823088665539,46.7740647355664,2.33917276952967,10.3966666666667
2022-07-27 18:22:00,-52.8794507986326,46.774004135363,2.32225608451468,10.8906666666667
2022-07-27 18:37:00,-52.8767844648985,46.7735411341529,2.19933323861424,10.6006666666667
2022-07-27 18:52:00,-52.8751513997879,46.7726647333539,1.94099768465687,10.3186666666667
2022-07-27 19:07:00,-52.8748929996532,46.7718996667699,1.88729886818286,10.1326666666667
2022-07-27 19:22:00,-52.8742632485235,46.7713570003235,2.1755100189284,9.750625
2022-07-27 19:37:00,-52.8732169999999,46.7702170000028,2.30476358251072,9.76
2022-07-27 19:52:00,-52.8717669999999,46.7687000000028,2.00515563498264,10.65
2022-07-27 20:07:00,-52.8715669999999,46.7678000000028,2.13225873361115,10.6
2022-07-27 20:22:00,-52.8705499999999,46.7668000000028,2.0163179142689,8.97
2022-07-27 20:37:00,-52.8706169999999,46.7658670000028,3.54895175656182,8.34
2022-07-27 20:52:00,-52.8996157952509,46.7907109942338,2.55165310558886,9.07125
2022-07-27 21:07:00,-52.9034007994657,46.7925844677379,2.1511168868708,8.21466666666667
2022-07-27 21:22:00,-52.9052447330512,46.7927241342504,2.24313718572498,8.318
2022-07-27 21:37:00,-52.9075136660443,46.7929514014391,1.98218361679439,8.48866666666667
2022-07-27 21:52:00,-52.9085419988821,46.793448250482,1.69763546100563,7.58125
2022-07-27 22:07:00,-52.9084503335656,46.7938922667038,1.69722487065625,7.138
2022-07-27 22:22:00,-52.9084741999361,46.7943400000079,1.71995014766938,6.97733333333333
2022-07-27 22:37:00,-52.9082663335747,46.7947900000371,1.72899241190751,6.91666666666667
2022-07-27 22:52:00,-52.9078577336893,46.7951819334334,1.68195344542193,7.46466666666667
2022-07-27 23:07:00,-52.9083347329794,46.7954644001972,1.9784779791904,7.67133333333333
2022-07-27 23:22:00,-52.9092255986975,46.7960633337771,1.95100647887063,7.092
2022-07-27 23:37:00,-52.9098106862959,46.796759375219,2.07446491810091,6.683125
2022-07-27 23:52:00,-52.9101169991576,46.7978064000492,2.15789854030234,6.594
2022-07-28 00:07:00,-52.9100734004639,46.7991002000152,2.11318857657998,6.614
2022-07-28 00:22:00,-52.9094764022024,46.8001934003639,2.13847871380825,6.588
2022-07-28 00:37:00,-52.9081585046387,46.8010375020081,2.20500786816988,6.76
2022-07-28 00:52:00,-52.9065570058953,46.8019708689908,2.28714422198522,7.04733333333333
2022-07-28 01:07:00,-52.9046254087537,46.8031012701955,2.31252381791033,7.27666666666667
2022-07-28 01:22:00,-52.9023876351731,46.8041271931951,2.32700111747724,7.06875
2022-07-28 01:37:00,-52.9000276768396,46.8051386721723,2.35464487070382,6.69
2022-07-28 01:52:00,-52.8976330127302,46.8063390055797,2.38309508304153,7.92666666666667
2022-07-28 02:07:00,-52.8951776811918,46.8077110059719,2.32356532212919,8.40333333333333
2022-07-28 02:22:00,-52.8930613422537,46.8089276702882,2.30485328843894,8.5
2022-07-28 02:37:00,-52.8906610063444,46.8096886733862,2.30905070043109,8.66666666666667
2022-07-28 02:52:00,-52.8880955058826,46.810195507446,2.40779598525571,8.1875
2022-07-28 03:07:00,-52.8848930133066,46.8108732139291,2.43592265216576,8.048
2022-07-28 03:22:00,-52.881473409473,46.8115900111536,2.4361609773836,8.022
2022-07-28 03:37:00,-52.8779770070525,46.8121098139291,2.47193345599532,8.266
2022-07-28 03:52:00,-52.8741266053334,46.8124630165938,2.50692548915632,8.616
2022-07-28 04:07:00,-52.8699173732337,46.8125363356772,2.52468911501191,8.48625
2022-07-28 04:22:00,-52.8655811176939,46.8120824201947,2.53535138997851,7.952
2022-07-28 04:37:00,-52.8613445758957,46.8110503521582,2.5180449192193,7.37933333333333
2022-07-28 04:52:00,-52.8574709104533,46.8097379475182,2.49314739652468,7.384
2022-07-28 05:07:00,-52.8539787095865,46.808290945743,2.48281327049385,7.56933333333333
2022-07-28 05:22:00,-52.8507733091169,46.806667810088,2.45991421069083,7.47466666666667
2022-07-28 05:37:00,-52.8482923801187,46.8047112709343,2.3164681860048,7.016
2022-07-28 05:52:00,-52.8476022980143,46.8029080002769,2.16882478666505,7.12705882352941
2022-07-28 06:07:00,-52.8473733941263,46.8015902015971,2.05543739983783,7.426
2022-07-28 06:22:00,-52.8467666010919,46.8006568001223,1.99114526404671,7.1
2022-07-28 06:37:00,-52.8468469985279,46.7997770000997,2.15849050886017,7.03
2022-07-28 06:52:00,-52.8469602051786,46.7984834005672,2.23579089126367,7.114
2022-07-28 07:07:00,-52.8476668038672,46.7970130004706,2.147977593514,7.278
2022-07-28 07:22:00,-52.8481534010595,46.7957930000544,2.10816181821369,7.108
2022-07-28 07:37:00,-52.8483332507585,46.794645500024,2.19339698048161,7.48375
2022-07-28 07:52:00,-52.8481946618026,46.7932443337695,2.29013637529104,8.19333333333333
2022-07-28 08:07:00,-52.8477443332173,46.791517000006,2.23870380928112,7.88
2022-07-28 08:22:00,-52.8478886693022,46.7899613335501,2.14273573460797,7.79666666666667
2022-07-28 08:37:00,-52.8481218739521,46.7887218750642,2.13665560149183,7.65375
2022-07-28 08:52:00,-52.8478654645164,46.7875021334246,2.31614826319555,7.50066666666667
2022-07-28 09:07:00,-52.8475887322381,46.7856487333625,2.28240576686854,7.53466666666667
2022-07-28 09:22:00,-52.8475070007991,46.7839258000249,2.20389339137675,7.786
2022-07-28 09:37:00,-52.8478212702836,46.7825033338387,2.15344913272745,7.64733333333333
2022-07-28 09:52:00,-52.8483289991596,46.7812707500437,2.07927095024406,7.6725
2022-07-28 10:07:00,-52.8480635982592,46.780206400192,2.10827113916013,7.352
2022-07-28 10:22:00,-52.847419997266,46.7791400009272,2.10504650891876,7.19
2022-07-28 10:37:00,-52.8462699967535,46.7783100009272,2.15072846426302,7.91
2022-07-28 10:52:00,-52.84512339596,46.7773100009001,2.19752907743181,7.922
2022-07-28 11:07:00,-52.844063597076,46.7760934004156,2.21408406920574,8.628
2022-07-28 11:22:00,-52.8434265993394,46.7746870000152,2.31399381582289,8.85
2022-07-28 11:37:00,-52.8434898038826,46.772833600434,2.28556279197854,9.472
2022-07-28 11:52:00,-52.8442231278015,46.7711718752182,2.08769935324646,9.7025
2022-07-28 12:07:00,-52.8429165005827,46.7705344883514,3.09735617591007,10.712
2022-07-28 12:22:00,-52.830045837096,46.7775018086845,3.21198966702004,13.6925
2022-07-28 12:37:00,-52.8205263314322,46.7906208022845,2.70855901943217,16.7313333333333
2022-07-28 12:52:00,-52.8257381288291,46.7935081829293,3.69232993271328,17.0246666666667
2022-07-28 13:07:00,-52.8649929339475,46.8286691224199,3.74955853819353,18.698
2022-07-28 13:22:00,-52.9241380643921,46.8587930462579,2.96785014950119,15.69
2022-07-28 13:37:00,-52.9363141336395,46.858995266694,2.02370696708018,15.1986666666667
2022-07-28 13:52:00,-52.935971876068,46.8599159379043,2.08277995978837,16.338125
2022-07-28 14:07:00,-52.9347999999999,46.8606500000028,1.99885308484527,19.01
2022-07-28 14:22:00,-52.9336829999999,46.8611170000028,2.10763719930999,21.39
2022-07-28 14:37:00,-52.9326329999999,46.8620170000028,2.06181816031745,22.22
2022-07-28 14:52:00,-52.9315169999999,46.8627170000029,2.01189148708141,19.62
2022-07-28 15:07:00,-52.9307999999999,46.8635000000029,2.12582450041619,18.28
2022-07-28 15:22:00,-52.9296669999999,46.8644170000028,2.00859356151018,19.05
2022-07-28 15:37:00,-52.9288073132505,46.8651201252202,2.16858064068175,18.928125
2022-07-28 15:52:00,-52.9275833348545,46.866147000429,1.93565897678746,17.016
2022-07-28 16:07:00,-52.9272358669014,46.866885266694,2.62644220500589,18.2613333333333
2022-07-28 16:22:00,-52.9314170142549,46.8643822054916,1.91910546495094,14.3746666666667
2022-07-28 16:37:00,-52.9304103341445,46.8646666672034,1.20012307823314,15.5366666666667
2022-07-28 16:52:00,-52.9302146250039,46.8647148750122,1.8180482919166,16.13
2022-07-28 17:07:00,-52.9310519336865,46.8645722671585,3.05397954343939,15.836
2022-07-28 17:22:00,-52.9164929160764,46.8625568112228,1.93834042730165,15.7626666666667
2022-07-28 17:37:00,-52.9154758001542,46.862206667707,2.14463192589811,16.202
2022-07-28 17:52:00,-52.9171975351691,46.8617814015748,2.19078388587814,15.984
2022-07-28 18:07:00,-52.9189930026498,46.8611242016358,2.14456236857413,17.786
2022-07-28 18:22:00,-52.9203030661097,46.8602481261562,2.20748839917629,18.581875
2022-07-28 18:37:00,-52.9209500022348,46.8588670001798,2.19506381351393,17.724
2022-07-28 18:52:00,-52.9213700016089,46.8574870001171,2.33649519099093,16.752
2022-07-28 19:07:00,-52.9227436086722,46.8557770018272,2.78947292344819,16.09
2022-07-28 19:22:00,-52.9249997488816,46.8610970040724,3.21471369763922,15.834
2022-07-28 19:37:00,-52.9315626423783,46.8751434402484,2.29011750272491,15
2022-07-28 19:52:00,-52.9308959801308,46.8768375069472,2.31106618505082,15.0175
2022-07-28 20:07:00,-52.9296653960939,46.8752008670707,2.26329054249064,15.464
2022-07-28 20:22:00,-52.9288112615496,46.8736588007201,2.18975563960718,15.3726666666667
2022-07-28 20:37:00,-52.9283717484275,46.8722991875811,2.2289312422175,15.489375
2022-07-28 20:52:00,-52.9280723312175,46.8707890001023,2.30017726346022,15.38
2022-07-28 21:07:00,-52.92817766913,46.8689946667689,2.26403332210945,15.3066666666667
2022-07-28 21:22:00,-52.9304392211354,46.869564512152,3.58969371289959,15.17
2022-07-28 21:37:00,-52.8797751230104,46.8735812368511,3.54294042019454,15.698
2022-07-28 21:52:00,-52.8339932159101,46.8744371601964,2.79001773198473,15.354
2022-07-28 22:07:00,-52.8271670155751,46.8714602010506,2.59428471332709,14.712
2022-07-28 22:22:00,-52.8285066235755,46.8680468025683,2.61231171861593,14.572
2022-07-28 22:37:00,-52.8296730150884,46.8644500008521,2.59937031374527,14.522
2022-07-28 22:52:00,-52.8305130120978,46.8609202006745,2.56796338746768,14.366
2022-07-28 23:07:00,-52.8321434289628,46.8577868049901,2.56819217462997,14.27
2022-07-28 23:22:00,-52.834048090497,46.8547251911059,2.59677230185789,14.174375
2022-07-28 23:37:00,-52.835739094222,46.8513646030172,2.61891337716116,14.084
2022-07-28 23:52:00,-52.8368988790512,46.8477090672279,2.63167150327186,14.07
2022-07-29 00:07:00,-52.8381830355176,46.8439585039354,2.64023965710883,14.235
2022-07-29 00:22:00,-52.8399963648957,46.8402312703815,2.6268028047625,14.2786666666667
2022-07-29 00:37:00,-52.8418230291798,46.8366336701837,2.60528295789143,14.0886666666667
2022-07-29 00:52:00,-52.84377889846,46.8332657382744,2.59472696060825,13.9926666666667
2022-07-29 01:07:00,-52.84585036359,46.8300254043408,2.59008339722783,13.9406666666667
2022-07-29 01:22:00,-52.8480524341671,46.8268676064211,2.59461066786468,13.8973333333333
2022-07-29 01:37:00,-52.8507421080974,46.8238500096495,2.59932992115202,13.8366666666667
2022-07-29 01:52:00,-52.8536630384844,46.8208887421421,2.58542056450003,13.7586666666667
2022-07-29 02:07:00,-52.856583042472,46.8180642609792,2.58233192356999,13.695625
2022-07-29 02:22:00,-52.8596898388717,46.8153666111604,2.61073701230213,13.59
2022-07-29 02:37:00,-52.863570049631,46.812840224085,2.62621328942812,13.432
2022-07-29 02:52:00,-52.8680168384527,46.8105700160407,2.57136959919597,13.408
2022-07-29 03:07:00,-52.8717856607201,46.8084373896119,2.56653969195276,13.4575
2022-07-29 03:22:00,-52.87572236646,46.8065163548706,2.58891818421806,13.4733333333333
2022-07-29 03:37:00,-52.8802503567507,46.8049276833387,2.5496132583642,13.2166666666667
2022-07-29 03:52:00,-52.8845890133243,46.8037890215282,2.57757273355596,13.1266666666667
2022-07-29 04:07:00,-52.8894330161363,46.8030776918425,2.60127720899189,13.1666666666667
2022-07-29 04:22:00,-52.8945720104293,46.8024056930106,2.59135715551131,13.1433333333333
2022-07-29 04:37:00,-52.8996166812261,46.8018330213825,2.5645615478359,13.2366666666667
2022-07-29 04:52:00,-52.9043000140777,46.8010886875967,2.54454003153331,13.21
2022-07-29 05:07:00,-52.9087803236643,46.8004022057588,2.5256258841424,13.09875
2022-07-29 05:22:00,-52.913101274263,46.799851286424,2.56644248475105,13.0753333333333
2022-07-29 05:37:00,-52.917868746234,46.7993287516261,2.54138837056248,13.224
2022-07-29 05:52:00,-52.9222795127013,46.7985420133986,2.48227163581297,13.2525
2022-07-29 06:07:00,-52.9260370117747,46.7976470090357,2.46525120482332,13.08
2022-07-29 06:22:00,-52.9294702113822,46.7964902053365,2.40400480997871,12.834
2022-07-29 06:37:00,-52.932053008982,46.7950564023904,2.36586185778566,12.838
2022-07-29 06:52:00,-52.9338581348169,46.7933750020005,2.39708684169138,12.925625
2022-07-29 07:07:00,-52.9356024777405,46.7914766698579,2.47764481702514,12.8226666666667
2022-07-29 07:22:00,-52.9381696793239,46.7894289375712,2.51124142655127,12.8386666666667
2022-07-29 07:37:00,-52.9411230179511,46.7873291388193,2.57233827952941,12.8553333333333
2022-07-29 07:52:00,-52.9442517635412,46.7847455022075,2.55854229495996,12.99375
2022-07-29 08:07:00,-52.9463919462742,46.7818408040935,2.6414343380439,12.812
2022-07-29 08:22:00,-52.9502470135548,46.7789233365644,2.66709832741892,12.8326666666667
2022-07-29 08:37:00,-52.9537636850069,46.7755122053719,2.7152707325795,12.7766666666667
2022-07-29 08:52:00,-52.9583680791731,46.7720763457442,2.83055093621094,13.3813333333333
2022-07-29 09:07:00,-52.9662579913271,46.7693009511801,3.42216431702257,12.6913333333333
2022-07-29 09:22:00,-52.9887166820567,46.7512078105915,2.72009255436592,12.57
2022-07-29 09:37:00,-52.9948700091424,46.7491070062494,2.61269270183462,12.5713333333333
2022-07-29 09:52:00,-52.9995451916185,46.7472979036355,2.70013357819134,12.6052083333333
2022-07-29 10:07:00,-53.0024728320558,46.7432614182621,2.70013365450369,12.8333333333333
2022-07-29 10:22:00,-53.0054000341202,46.7392248582416,2.70013373139286,13.0614583333333
2022-07-29 10:37:00,-53.0083267979311,46.7351882235957,2.57043372693527,13.2895833333333
2022-07-29 10:52:00,-53.0127903425685,46.7338552777898,2.4885143707752,13.2073333333333
2022-07-29 11:07:00,-53.0167103382187,46.7332130072731,2.35686119712701,13.554
2022-07-29 11:22:00,-53.0195136706412,46.7325263368733,2.21987745468415,13.5926666666667
2022-07-29 11:37:00,-53.0216138771255,46.7321486280728,2.25732066914183,13.386875
2022-07-29 11:52:00,-53.0237370052045,46.7314302032269,2.30523498631543,13.916
2022-07-29 12:07:00,-53.0263134023877,46.731027005022,2.41237826779415,13.812
2022-07-29 12:22:00,-53.0296899975462,46.7311534087879,2.32479737280562,13.894
2022-07-29 12:37:00,-53.0324536001294,46.7311864045976,2.4530487423874,14.466
2022-07-29 12:52:00,-53.0329534001596,46.7337166000059,3.33913844408371,14.264
2022-07-29 13:07:00,-53.0094517810402,46.7448883017879,2.87088551630068,14.5175
2022-07-29 13:22:00,-53.0020320644077,46.7492066669452,2.0712081328347,14.41
2022-07-29 13:37:00,-53.0024154655164,46.7502333334246,2.05528763318649,15.1733333333333
2022-07-29 13:52:00,-53.001570870266,46.7510742013729,1.98263818063733,15.172
2022-07-29 14:07:00,-53.0003287995524,46.7512096679672,1.66880660835386,15.544
2022-07-29 14:22:00,-52.9997191334263,46.7512321334639,1.57815594927328,16.666
2022-07-29 14:37:00,-52.9993076254483,46.7514218751952,2.44794172163914,17.718125
2022-07-29 14:52:00,-52.9960776300399,46.7502220207884,2.15482980755185,16.3066666666667
2022-07-29 15:07:00,-52.9944556666665,46.7495830000187,1.58492024513718,15.5
2022-07-29 15:22:00,-52.9943232503482,46.7499167500287,1.69994022194303,16.0675
2022-07-29 15:37:00,-52.9943665996924,46.7503666000345,1.59744358263864,17.842
2022-07-29 15:52:00,-52.9946531996452,46.7506632001465,1.44715460834721,18.828
2022-07-29 16:07:00,-52.9949397998785,46.7508202000624,1.64360618918939,18.462
2022-07-29 16:22:00,-52.9950029998364,46.7504266000083,1.81348693588428,17.76
2022-07-29 16:37:00,-52.9954132011684,46.749913400543,1.85805579220402,17.118
2022-07-29 16:52:00,-52.9962202012236,46.7495768007914,1.72624638495468,17.244
2022-07-29 17:07:00,-52.996916799395,46.7495898003609,1.48754664942829,16.442
2022-07-29 17:22:00,-52.9973187502505,46.7495800626021,1.82927277830681,15.85125
2022-07-29 17:37:00,-52.9979833361038,46.7491800010897,2.01091854925522,16.1433333333333
2022-07-29 17:52:00,-52.9991257355739,46.7486957350791,2.04217775611268,16.1966666666667
2022-07-29 18:07:00,-53.0004812686516,46.7483570022316,1.94357158650985,16.1066666666667
2022-07-29 18:22:00,-53.0016164998571,46.7482335009535,2.0829469411365,15.75
2022-07-29 18:37:00,-53.0031409270524,46.7485300055765,2.27362522154933,15.314
2022-07-29 18:52:00,-53.005485395506,46.7490366730888,2.23250274685628,15.6793333333333
2022-07-29 19:07:00,-53.0077009334876,46.7492420708663,2.11815738459612,15.722
2022-07-29 19:22:00,-53.0094187328898,46.7492642688983,2.02144296131778,15.126
2022-07-29 19:37:00,-53.0107742691062,46.7491054017458,2.12493078208087,14.9226666666667
2022-07-29 19:52:00,-53.0120020740408,46.7482530015227,3.29087928551768,14.562
2022-07-29 20:07:00,-52.9880790355244,46.742045750185,3.40015489092746,14.045
2022-07-29 20:22:00,-52.9572102140057,46.734256603145,2.38216279531995,13.934
2022-07-29 20:37:00,-52.958963214155,46.7324534033288,2.39313878945486,14.448
2022-07-29 20:52:00,-52.9606998149541,46.7305766029105,2.39632507405918,14.56
2022-07-29 21:07:00,-52.9623750148604,46.7286545033131,2.39229939340631,14.10625
2022-07-29 21:22:00,-52.9642223502949,46.7268336712174,2.42241748888662,13.7933333333333
2022-07-29 21:37:00,-52.9663056816626,46.7249336702255,2.41155733185054,13.6166666666667
2022-07-29 21:52:00,-52.9683110161928,46.7230670046224,2.39471791960926,13.5766666666667
2022-07-29 22:07:00,-52.9703607628619,46.7213357533838,2.34638396674024,13.6
2022-07-29 22:22:00,-52.9721336764976,46.7197536692808,2.32518519757539,13.262
2022-07-29 22:37:00,-52.9737724738357,46.7182212681858,2.28354056732321,13.1946666666667
2022-07-29 22:52:00,-52.9750612062717,46.716737534499,2.28422358081174,13.0246666666667
2022-07-29 23:07:00,-52.9763036749003,46.7152321351298,2.3079577401106,12.876
2022-07-29 23:22:00,-52.9776736731922,46.7136654011321,2.28011675134403,12.826
2022-07-29 23:37:00,-52.9787970054556,46.7121346009448,2.23079280343343,12.8646666666667
2022-07-29 23:52:00,-52.9797979370451,46.7107675339778,2.14458210299223,12.8793333333333
2022-07-30 00:07:00,-52.9805665020088,46.7096292502386,2.07392542885443,12.965
2022-07-30 00:22:00,-52.9810970018303,46.7086270003001,2.05777864195972,13.066
2022-07-30 00:37:00,-52.9816035997945,46.7076602000088,2.03661821985064,13.344
2022-07-30 00:52:00,-52.9815218746612,46.7066830000206,1.92872381571069,13.08
2022-07-30 01:07:00,-52.9813510660514,46.7059286000735,1.95279257865253,13.0866666666667
2022-07-30 01:22:00,-52.9809419324808,46.7051722669072,1.92174852320977,13.1446666666667
2022-07-30 01:37:00,-52.98021893242,46.7046091338254,1.94582774093052,13.2453333333333
2022-07-30 01:52:00,-52.9792336660608,46.7041952671757,1.91958493910423,13.2826666666667
2022-07-30 02:07:00,-52.9782252493864,46.7039166256183,1.93906284136226,13.33
2022-07-30 02:22:00,-52.977145266439,46.7036730004751,2.00651069363955,13.5293333333333
2022-07-30 02:37:00,-52.9758403327818,46.7035052670308,1.97704106086952,13.3833333333333
2022-07-30 02:52:00,-52.9747458665934,46.7031036666996,1.51907138275413,13.43
2022-07-30 03:07:00,-52.9744321999177,46.702899200025,1.55948910827298,13.4326666666667
2022-07-30 03:22:00,-52.9741463332273,46.7026388667543,1.6565569576043,13.4693333333333
2022-07-30 03:37:00,-52.9736096665592,46.7024652667056,1.59217338492192,13.46
2022-07-30 03:52:00,-52.9732696666165,46.7022025333499,1.43228753394089,13.464
2022-07-30 04:07:00,-52.9731030000631,46.7019878000301,1.5020298738284,13.5206666666667
2022-07-30 04:22:00,-52.9734205001412,46.7018034375976,1.68659501866347,13.533125
2022-07-30 04:37:00,-52.9739829999999,46.7016000000028,1.60117561003061,13.58
2022-07-30 04:52:00,-52.9740999999999,46.7012500000029,1.57404632684134,13.6
2022-07-30 05:07:00,-52.9743669999999,46.7009670000028,1.83428187776341,13.67
2022-07-30 05:22:00,-52.9750829999999,46.7006000000029,1.7384531499563,13.72
2022-07-30 05:37:00,-52.9744117498576,46.7004284376365,1.84647526508471,13.916875
2022-07-30 05:52:00,-52.9736511330088,46.7000744668318,1.76119105556057,13.7806666666667
2022-07-30 06:07:00,-52.9731174664479,46.6997074667448,1.73193117447725,13.798
2022-07-30 06:22:00,-52.9729747332686,46.6992322000093,1.70567322912136,13.8093333333333
2022-07-30 06:37:00,-52.9732311334692,46.6988108000274,1.90102547136769,13.81
2022-07-30 06:52:00,-52.973887467112,46.6982547334655,1.81768408964663,13.8006666666667
2022-07-30 07:07:00,-52.9744314002767,46.697797000083,1.79898117269754,13.8373333333333
2022-07-30 07:22:00,-52.9751819335247,46.6975644668314,1.85941578349114,13.8586666666667
2022-07-30 07:37:00,-52.9758863336962,46.6971300001385,1.93211745982448,13.9066666666667
2022-07-30 07:52:00,-52.9768815008056,46.6967788755655,2.18488932746824,14.32125
2022-07-30 08:07:00,-52.9787503355416,46.696285802019,2.20111319091715,13.99
2022-07-30 08:22:00,-52.9807232527666,46.695837565432,2.19254365700357,13.9625
2022-07-30 08:37:00,-52.9827170014813,46.6955500027933,2.15137540341799,13.962
2022-07-30 08:52:00,-52.9845298013969,46.6952864021792,2.13712770760444,13.92
2022-07-30 09:07:00,-52.986310200613,46.6951402022237,2.1264892823297,13.918
2022-07-30 09:22:00,-52.9880534005133,46.6950370020987,2.01898592583773,13.976
2022-07-30 09:37:00,-52.9894135995006,46.6951234011244,1.79091428980317,14.038
2022-07-30 09:52:00,-52.9899069995403,46.6955636000684,1.68930541429036,14.202
2022-07-30 10:07:00,-52.9900539998254,46.6959917500167,2.09214314348854,14.69
2022-07-30 10:22:00,-52.9906821296347,46.6970166672409,2.43994261109234,14.73
2022-07-30 10:37:00,-52.9871475129488,46.6965433556415,1.82014783361341,14.492
2022-07-30 10:52:00,-52.9864063308182,46.6968491339545,3.53547265927878,14.5593333333333
2022-07-30 11:07:00,-53.0254715489772,46.7120411232201,3.10554389959806,14.434
2022-07-30 11:22:00,-53.0392208693534,46.7185346002334,2.7866014287963,14.5093333333333
2022-07-30 11:37:00,-53.0432315547805,46.7137717840745,3.78746454463748,15.061875
2022-07-30 11:52:00,-53.0809543498942,46.6651137939771,3.96337171567501,15.3033333333333
2022-07-30 12:07:00,-53.1904258265609,46.6311462611261,3.57339199855519,15.13
2022-07-30 12:22:00,-53.2390749352683,46.6277482716104,2.65316949027915,14.85875
2022-07-30 12:37:00,-53.2429401517579,46.6307970133082,2.6360501149983,14.384
2022-07-30 12:52:00,-53.2463169543684,46.6339166110488,2.62902066582443,13.954
2022-07-30 13:07:00,-53.2493767581512,46.6371132089996,2.63943678862076,13.836
2022-07-30 13:22:00,-53.2521201584068,46.640549807166,2.6396840115642,13.882
2022-07-30 13:37:00,-53.2545067648324,46.6441130052188,3.24662274217123,13.988
2022-07-30 13:52:00,-53.2569999166695,46.6598934074423,3.10154317296543,14.37
2022-07-30 14:07:00,-53.2580268008776,46.6712370000104,2.59592482039151,14.83
2022-07-30 14:22:00,-53.2530875324244,46.6702233317587,3.27883329576612,15.096875
2022-07-30 14:37:00,-53.237789082893,46.6567575019452,3.7437248693654,14.8813333333333
2022-07-30 14:52:00,-53.1682707343469,46.6428090163863,3.97819688704487,14.876
2022-07-30 15:07:00,-53.0717056907304,46.6966753711236,4.08903136525768,15.356
2022-07-30 15:22:00,-52.9810301453398,46.7878357077648,3.96484032440038,15.804
2022-07-30 15:37:00,-52.924233006504,46.8610755816607,3.63414291797049,15.1
2022-07-30 15:52:00,-52.9116636791415,46.898850338348,2.35971631169012,14.102
2022-07-30 16:07:00,-52.9095211498369,46.900294471607,3.00913122866797,14.0273333333333
2022-07-30 16:22:00,-52.909526131008,46.9094822065097,3.04574286979205,14.266
2022-07-30 16:37:00,-52.910016342137,46.919472403324,2.65954056552128,14.5086666666667
2022-07-30 16:52:00,-52.9104523365013,46.9153754093334,2.70624428427898,14.6
2022-07-30 17:07:00,-52.9118070038658,46.9108963335584,3.25290804818197,14.7313333333333
2022-07-30 17:22:00,-52.9013546700611,46.9253222716069,3.36326085237944,14.636875
2022-07-30 17:37:00,-52.8876370201515,46.9438400022023,2.49135154154893,14.504
2022-07-30 17:52:00,-52.8867606200254,46.9465635238169,2.38014303340796,14.6580952380952
2022-07-30 18:07:00,-52.8867446691887,46.9487223333434,2.38014318717452,14.8033333333333
2022-07-30 18:22:00,-52.8867287170652,46.9508811428676,2.38014334092739,14.9485714285714
2022-07-30 18:37:00,-52.8867127636549,46.9530399523896,2.38103294250871,15.0938095238095
2022-07-30 18:52:00,-52.8865781292855,46.9552012502858,2.71615632042805,15.095625
2022-07-30 19:07:00,-52.8865098436323,46.9598808726584,3.31825127032539,14.6946666666667
2022-07-30 19:22:00,-52.8886844471428,46.9785424854929,2.7699786322763,15.4406666666667
2022-07-30 19:37:00,-52.8829608910762,46.9821086050474,2.63542288049993,16.394
2022-07-30 19:52:00,-52.8799014069944,46.9853822694904,2.3626176403451,16.97
2022-07-30 20:07:00,-52.87759227161,46.9867247352184,1.79409591730368,16.2986666666667
2022-07-30 20:22:00,-52.8768238009158,46.9865322899329,2.98718873444198,16.392
2022-07-30 20:37:00,-52.8822703341731,46.9786324723173,2.38830003384907,17.576
2022-07-30 20:52:00,-52.8790564970376,46.9786601279433,2.26613055104335,15.67375
2022-07-30 21:07:00,-52.8767607991466,46.978123334249,2.16340821050149,17.0493333333333
2022-07-30 21:22:00,-52.8749366659089,46.9777244674551,2.12373677384797,16.27
2022-07-30 21:37:00,-52.8732744664239,46.9773547336867,1.93354018719483,15.286
2022-07-30 21:52:00,-52.8721701251922,46.9771976251491,1.76928240558611,15.20125
2022-07-30 22:07:00,-52.8714669999999,46.9774170000028,1.54011219186991,14.77
2022-07-30 22:22:00,-52.8710169999999,46.9773670000028,1.97993081520464,14.24
2022-07-30 22:37:00,-52.8699329999999,46.9778000000028,2.09863433472292,14.25
2022-07-30 22:52:00,-52.8683999999999,46.9782170000028,1.94281602046233,14.71
2022-07-30 23:07:00,-52.8672499999999,46.9782670000028,1.86640498622125,15.47
2022-07-30 23:22:00,-52.8663753121931,46.9779857502277,1.8440717345056,15.78875
2022-07-30 23:37:00,-52.8655077997981,46.9777803335426,1.77869391460472,15.25
2022-07-30 23:52:00,-52.8647658665096,46.9775952668178,1.7385819115332,15.1726666666667
2022-07-31 00:07:00,-52.8640458750265,46.9775978752858,1.67242231070804,15.4675
2022-07-31 00:22:00,-52.8635166669366,46.9778166667981,2.04904358476673,15.1113333333333
2022-07-31 00:37:00,-52.8622652647463,46.9772866676123,2.06522442845263,15.1886666666667
2022-07-31 00:52:00,-52.8610863316756,46.9766219340042,1.78073202961356,15.4786666666667
2022-07-31 01:07:00,-52.860297733387,46.9765624669426,1.97854800022304,15.3293333333333
2022-07-31 01:22:00,-52.8592033321304,46.9761475340042,2.15424432721026,15.248
2022-07-31 01:37:00,-52.8574752647033,46.975649668333,2.16285068622897,15.1793333333333
2022-07-31 01:52:00,-52.8558610641591,46.9749477345994,2.1036030685477,15.2913333333333
2022-07-31 02:07:00,-52.85426333241,46.9746186012934,2.12377700173658,15.1366666666667
2022-07-31 02:22:00,-52.8525736857762,46.974312439695,2.10880341312325,15.101875
2022-07-31 02:37:00,-52.8509801981257,46.9739300017137,2.10106352581716,14.82
2022-07-31 02:52:00,-52.8495597973788,46.9733436013397,2.18619684709313,14.638
2022-07-31 03:07:00,-52.8477765963381,46.9726970024751,2.19122177801484,14.498
2022-07-31 03:22:00,-52.8458135981192,46.9723134027444,2.29726949290486,14.598
2022-07-31 03:37:00,-52.8433289938215,46.9717752563316,2.29634905503913,14.915
2022-07-31 03:52:00,-52.8407387999998,46.9716170056851,2.27026737853887,14.988
2022-07-31 04:07:00,-52.838296873115,46.9714905060869,2.27320923160534,14.959375
2022-07-31 04:22:00,-52.835833333167,46.9714223393848,2.18491747983265,14.15
2022-07-31 04:37:00,-52.8338333317553,46.9712723363014,2.14921581995961,14.0433333333333
2022-07-31 04:52:00,-52.8320946627062,46.9708333362442,2.18133012620017,14.2166666666667
2022-07-31 05:07:00,-52.8302609958276,46.9702946701059,2.17414323265059,14.2433333333333
2022-07-31 05:22:00,-52.8284329965073,46.9698056698065,1.95280536962334,14.31
2022-07-31 05:37:00,-52.8272996663341,46.9695833339581,1.81184031236543,14.54
2022-07-31 05:52:00,-52.8264663328635,46.9694613340379,1.68310535867459,14.6
2022-07-31 06:07:00,-52.8259748744643,46.9691876251188,1.83313299269771,14.71125
2022-07-31 06:22:00,-52.8255199983957,46.9686600003217,1.96034738402419,14.91
2022-07-31 06:37:00,-52.8249999982051,46.9679200002668,1.85867413468361,15.074
2022-07-31 06:52:00,-52.8244248114258,46.9674031254822,1.92310399236667,15.270625
2022-07-31 07:07:00,-52.8235377971439,46.9669566680217,1.96653088464822,15.0653333333333
2022-07-31 07:22:00,-52.8229455327826,46.9662290666918,2.20327494414638,14.8486666666667
2022-07-31 07:37:00,-52.8219053866361,46.9649812703125,2.25088186513693,14.9533333333333
2022-07-31 07:52:00,-52.8204664941809,46.9637165014878,2.14336885775774,14.98
2022-07-31 08:07:00,-52.8196188634198,46.9626076003528,2.25956909030561,14.9273333333333
2022-07-31 08:22:00,-52.818500172042,46.9611625037398,2.38690213664747,15.00375
2022-07-31 08:37:00,-52.8166831829485,46.959356803845,2.38087434044627,15.17
2022-07-31 08:52:00,-52.8146529884843,46.9577002050623,2.37012214853089,15.104
2022-07-31 09:07:00,-52.8122265813913,46.9564000079989,3.09967339085761,15.38
2022-07-31 09:22:00,-52.8267841530652,46.9617617178082,3.49290221489922,16.858
2022-07-31 09:37:00,-52.8672494424662,46.9577848982767,3.37701521558273,17.998
2022-07-31 09:52:00,-52.8938060208706,46.9464398367927,3.14244048089742,17.272
2022-07-31 10:07:00,-52.8955201675484,46.9588732222764,2.54024812800352,17.012
2022-07-31 10:22:00,-52.8912188705289,46.9578392670144,2.42235289543912,17.63
2022-07-31 10:37:00,-52.8877556653494,46.9576443405698,2.27042129482501,17.41
2022-07-31 10:52:00,-52.885316331666,46.9574946699831,2.26780291542591,17.73
2022-07-31 11:07:00,-52.8831719780607,46.9567056738979,1.84449783084923,17.3866666666667
2022-07-31 11:22:00,-52.8840895455375,46.9566773843876,2.68923771922207,17.025625
2022-07-31 11:37:00,-52.8894991206308,46.9590500045758,2.37821573859777,18.5366666666667
2022-07-31 11:52:00,-52.887119989441,46.9576478722078,2.32999380608162,17.2793333333333
2022-07-31 12:07:00,-52.8847332446837,46.9566335034929,2.22820567855316,18.0025
2022-07-31 12:22:00,-52.8827629951902,46.9559298030773,2.29593256420341,16.636
2022-07-31 12:37:00,-52.8805763868677,46.9549702044746,2.4137572722063,16.576
2022-07-31 12:52:00,-52.878066593135,46.9533930040746,2.33388611913674,16.426
2022-07-31 13:07:00,-52.875622991492,46.9524098045348,2.3509649315426,17.04
2022-07-31 13:22:00,-52.8731229939216,46.9513402036903,2.27782387336929,16.544
2022-07-31 13:37:00,-52.8708697993822,46.9506130029787,2.18980531052964,16.678
2022-07-31 13:52:00,-52.8688370009484,46.9505664025201,2.17788746467354,16.9
2022-07-31 14:07:00,-52.8668763767859,46.9507500661681,2.25786937111109,17.375
2022-07-31 14:22:00,-52.8645113977867,46.9509270058791,2.40752276132975,18.116
2022-07-31 14:37:00,-52.8611722674801,46.9506847373763,2.41076832089571,17.3426666666667
2022-07-31 14:52:00,-52.8636961369427,46.9522273683459,3.41777353118569,17.2913333333333
2022-07-31 15:07:00,-52.8952627563535,46.9615603947152,2.65094207733413,20.53125
2022-07-31 15:22:00,-52.8894085983714,46.9619552697412,2.41417612440639,16.7146666666667
2022-07-31 15:37:00,-52.8860513987437,46.9615447361719,2.39516674566831,16.1013333333333
2022-07-31 15:52:00,-52.8828174671065,46.9612408028368,2.38845704130197,16.4573333333333
2022-07-31 16:07:00,-52.8796078003922,46.961357802257,2.34030146231959,17.224
2022-07-31 16:22:00,-52.8767336655471,46.9614436687207,2.34184424540149,16.7826666666667
2022-07-31 16:37:00,-52.8751756905415,46.959779566409,3.39961058935189,17.835625
2022-07-31 16:52:00,-52.8902999999999,46.9397170000028,3.21577829174281,20.47
2022-07-31 17:07:00,-52.8755829999999,46.9289000000028,2.62518547511076,16.21
2022-07-31 17:22:00,-52.8701329999999,46.9295830000028,2.37097407221063,16.04
2022-07-31 17:37:00,-52.8688329999999,46.9315000000028,3.3860388817974,16.26
2022-07-31 17:52:00,-52.8965169999999,46.9205830000028,2.60375217682237,17.83
2022-07-31 18:07:00,-52.8972510657672,46.917005500162,2.39879812041352,17.820625
2022-07-31 18:22:00,-52.8939866689337,46.9172803367529,2.4692569865728,16.588
2022-07-31 18:37:00,-52.8901408011942,46.9175652707231,2.38764635672103,15.8373333333333
2022-07-31 18:52:00,-52.8869429993304,46.9174122026935,2.36216722555047,16.21
2022-07-31 19:07:00,-52.8839647320691,46.9170574690554,2.40361956818516,16.0066666666667
2022-07-31 19:22:00,-52.8806552677001,46.9172822030167,2.3501824961671,15.7753333333333
2022-07-31 19:37:00,-52.8777791219044,46.916862504386,2.37357964713852,16.55625
2022-07-31 19:52:00,-52.8748866615572,46.9160919375699,2.44307810369984,15.604
2022-07-31 20:07:00,-52.8713513955656,46.9154924733123,2.56544663379734,15.3446666666667
2022-07-31 20:22:00,-52.8751422406033,46.9175403455814,3.27099858572191,14.9486666666667
2022-07-31 20:37:00,-52.8974662560084,46.9244678477804,3.11750091420802,18.4693333333333
2022-07-31 20:52:00,-52.9071554630041,46.9147224937212,3.46727561779116,16.732
2022-07-31 21:07:00,-52.9184205793093,46.8894927663484,3.49911435807662,15.7467741935484
2022-07-31 21:22:00,-52.9302796316646,46.8622905834727,2.85915336265265,15.0161290322581
2022-07-31 21:37:00,-52.9319699969607,46.855890000509,2.24753567789007,16.27
2022-07-31 21:52:00,-52.9309063951176,46.8544764008749,2.20138818410052,16.516
2022-07-31 22:07:00,-52.9300957462656,46.8531585005062,2.16626922859787,16.145
2022-07-31 22:22:00,-52.9292157961474,46.8519854007469,1.91844184135713,14.8786666666667
2022-07-31 22:37:00,-52.9285387325188,46.8514021336294,1.60030630920733,13.734
2022-07-31 22:52:00,-52.9280288000579,46.8513242002043,3.57868030744947,12.2086666666667
2022-07-31 23:07:00,-52.8896143934998,46.8296902532081,3.13956018644191,13.1213333333333
2022-07-31 23:22:00,-52.8751726893389,46.822229500556,1.71643558249967,11.784375
2022-07-31 23:37:00,-52.8747663336256,46.8226056667328,1.6791122751406,10.8566666666667
2022-07-31 23:52:00,-52.874827666218,46.8230333333846,1.78878803186442,10.8633333333333
2022-08-01 00:07:00,-52.875233332368,46.8235113335809,1.6256856249065,10.8633333333333
2022-08-01 00:22:00,-52.8749666673812,46.8238443337479,1.63663124667131,11.1966666666667
2022-08-01 00:37:00,-52.8744375001829,46.8239855002608,1.77342515125337,11.57625
2022-08-01 00:52:00,-52.8736601999252,46.8240068010155,1.77507193108882,11.508
2022-08-01 01:07:00,-52.8728866003763,46.8240798004258,1.55461916978365,11.548
2022-08-01 01:22:00,-52.8724229999998,46.8241330001337,1.49809576717402,12.128
2022-08-01 01:37:00,-52.872023200226,46.8242032002016,1.82196455977985,12.308
2022-08-01 01:52:00,-52.8712602017552,46.8244900010155,1.85962345756899,11.788
2022-08-01 02:07:00,-52.8705385012484,46.8249126878712,1.78585021459304,11.75875
2022-08-01 02:22:00,-52.8699278008725,46.8252679338197,1.77417609047578,11.5866666666667
2022-08-01 02:37:00,-52.8693679343061,46.825640000242,1.8586921950282,11.148
2022-08-01 02:52:00,-52.8687857351262,46.8261524005113,2.05890489916582,11.066
2022-08-01 03:07:00,-52.868067004167,46.8270570006153,2.18102338470886,11.128
2022-08-01 03:22:00,-52.8675085029091,46.828367000195,2.26805891826793,11.11
2022-08-01 03:37:00,-52.8671754023898,46.8300190667496,2.32979078349935,11.1853333333333
2022-08-01 03:52:00,-52.8667688715602,46.8319212670195,2.28836004616091,11.4286666666667
2022-08-01 04:07:00,-52.865805742081,46.8335390688484,2.28858507573183,11.4926666666667
2022-08-01 04:22:00,-52.8648824411831,46.8351687501629,2.38336592126402,11.445625
2022-08-01 04:37:00,-52.8645270038298,46.8373300001337,2.43291779078347,11.544
2022-08-01 04:52:00,-52.8637370146829,46.8397068022029,2.39969936850864,11.828
2022-08-01 05:07:00,-52.8622270115501,46.8417134026809,2.33302045436817,11.796
2022-08-01 05:22:00,-52.860679386854,46.8433332525116,2.3841057540279,11.415
2022-08-01 05:37:00,-52.8592166819622,46.8452670020401,2.46790967606909,11.19
2022-08-01 05:52:00,-52.8576223498172,46.8476723367698,2.43526870876944,10.9733333333333
2022-08-01 06:07:00,-52.8556390170238,46.849711004621,2.41373734070909,11.17
2022-08-01 06:22:00,-52.8533553478809,46.8514390059712,2.34775523012273,11.09
2022-08-01 06:37:00,-52.8511634458591,46.8527633152635,2.25216753334698,10.76
2022-08-01 06:52:00,-52.8494054067041,46.8538266706671,2.26946328921228,10.762
2022-08-01 07:07:00,-52.8473279396778,46.854703336203,2.23184661856474,11.1526666666667
2022-08-01 07:22:00,-52.8455563385772,46.8556400021855,2.17017619063501,11.292
2022-08-01 07:37:00,-52.844058736433,46.8564866679314,2.09910197360743,11.0793333333333
2022-08-01 07:52:00,-52.8429210041814,46.8573042507962,2.18771739839587,11.105
2022-08-01 08:07:00,-52.8417630069834,46.8584402030779,2.28210076928843,11.084
2022-08-01 08:22:00,-52.8397830037277,46.8594998015732,2.15544161762593,11.68
2022-08-01 08:37:00,-52.8383064026087,46.8602936013382,2.08858152722658,11.904
2022-08-01 08:52:00,-52.837006602066,46.8609434006571,2.01393321623246,12.536
2022-08-01 09:07:00,-52.8361630007988,46.861670200091,1.9359518973308,12.688
2022-08-01 09:22:00,-52.8358111882248,46.8624080626029,1.87882044701274,12.32875
2022-08-01 09:37:00,-52.8354156008405,46.8630322668739,1.925104128249,12.136
2022-08-01 09:52:00,-52.8348447336387,46.863680333353,1.93840496140305,12.8353333333333
2022-08-01 10:07:00,-52.834728933193,46.8644570000294,1.55602457600043,12.8053333333333
2022-08-01 10:22:00,-52.8349480665662,46.8647436666997,1.4237022255379,14.944
2022-08-01 10:37:00,-52.8351477333392,46.8649391333392,1.33384601780453,15.2266666666667
2022-08-01 10:52:00,-52.835135124986,46.8651330000058,2.41110548762023,15.98875
2022-08-01 11:07:00,-52.8368581336242,46.8671276446298,3.52121041652347,15.7966666666667
2022-08-01 11:22:00,-52.8651011114113,46.8898744697761,3.6656386849994,18.9386666666667
2022-08-01 11:37:00,-52.9255544670693,46.8856544666736,2.73797126737151,16.5406666666667
2022-08-01 11:52:00,-52.9255086224737,46.8807336257728,2.27000704794578,16.590625
2022-08-01 12:07:00,-52.9238829999999,46.8794830000028,2.33186467576886,17.2
2022-08-01 12:22:00,-52.9210999999999,46.8791830000028,2.29063856845285,16.32
2022-08-01 12:37:00,-52.9186169999999,46.8787500000028,3.2141161918592,14.86
2022-08-01 12:52:00,-52.9338999999999,46.8684000000028,3.44749004454513,18.22
2022-08-01 13:07:00,-52.93475971439,46.8431971877202,3.34360755839576,20.423125
2022-08-01 13:22:00,-52.9172074701862,46.8274237631018,2.46061924015631,17.714
2022-08-01 13:37:00,-52.9149699985815,46.8253278003044,2.16188568875238,15.8766666666667
2022-08-01 13:52:00,-52.9140291987763,46.8241925335749,2.24742308183082,14.892
2022-08-01 14:07:00,-52.9124269978037,46.82304366741,2.13994809752964,15.2033333333333
2022-08-01 14:22:00,-52.9108236656777,46.8224686006993,2.1302353695762,17.3113333333333
2022-08-01 14:37:00,-52.9090985994981,46.822199667487,2.08175026726858,15.6586666666667
2022-08-01 14:52:00,-52.9075829994513,46.821888067282,2.07024416668701,15.4553333333333
2022-08-01 15:07:00,-52.9064190020185,46.8225810007099,2.01588025920436,16.605
2022-08-01 15:22:00,-52.9059203340932,46.8234491334196,1.92402141241118,16.692
2022-08-01 15:37:00,-52.9058375333868,46.8242022666729,2.08526672372423,16.6106666666667
2022-08-01 15:52:00,-52.9050824685281,46.8251666670497,1.99909571759119,15.4646666666667
2022-08-01 16:07:00,-52.9038256003764,46.8254152675451,2.24350157323511,16.148
2022-08-01 16:22:00,-52.9017950682194,46.8261512534633,2.25738987739906,15.7925
2022-08-01 16:37:00,-52.8997934051697,46.8270234027013,2.26469050167487,15.912
2022-08-01 16:52:00,-52.8979064059296,46.8280536024342,2.43652660015669,16.042
2022-08-01 17:07:00,-52.8960930127688,46.8301734022631,2.58301790501953,16.012
2022-08-01 17:22:00,-52.8940402209967,46.8333164031252,2.62617707215403,10.344
2022-08-01 17:37:00,-52.8924970155653,46.8369702013713,2.64488126735161,10.442
2022-08-01 17:52:00,-52.8912045196268,46.8408415014937,2.66468842899752,13.325
2022-08-01 18:07:00,-52.8901820808343,46.8449388007485,3.43790705355201,12.8473333333333
2022-08-01 18:22:00,-52.92559718693,46.8491444807371,3.39478071446968,19.5933333333333
2022-08-01 18:37:00,-52.9079681027245,46.8303767273047,3.13089786057457,17.97125
2022-08-01 18:52:00,-52.8926670379084,46.8242443376065,2.65468278218335,16.4066666666667
2022-08-01 19:07:00,-52.8910670205555,46.8281553351026,2.59158842289555,15.9633333333333
2022-08-01 19:22:00,-52.889527688178,46.8315056692559,2.58075312348643,14.9033333333333
2022-08-01 19:37:00,-52.8876917806356,46.8346920043618,2.64329315074821,14.5925
2022-08-01 19:52:00,-52.885623295296,46.8383857556743,2.68829477297847,14.16875
2022-08-01 20:07:00,-52.8832213163738,46.8424536740945,2.68506068728172,13.17
2022-08-01 20:22:00,-52.8805957803014,46.8464203408522,2.69649647600357,12.6846666666667
2022-08-01 20:37:00,-52.8780155842135,46.8505279402978,3.24179917145783,12.5153333333333
2022-08-01 20:52:00,-52.8991198563764,46.8444606621438,3.28317575055869,12.35
2022-08-01 21:07:00,-52.9211666655086,46.8361336669433,1.76359196692228,11.0133333333333
2022-08-01 21:22:00,-52.9205420664285,46.8358357339766,1.37652044321465,10.1913333333333
2022-08-01 21:37:00,-52.920242200054,46.8357766667317,3.45825627080572,9.74333333333333
2022-08-01 21:52:00,-52.9340160312461,46.8117255262383,3.57484891501984,8.348
2022-08-01 22:07:00,-52.9441160122014,46.7786438163185,2.98751385931228,9.216
2022-08-01 22:22:00,-52.9352287428339,46.7723878342036,2.62867483882158,10.4113333333333
2022-08-01 22:37:00,-52.9296736294642,46.772656099183,3.0382794095791,10.488125
2022-08-01 22:52:00,-52.9181152465131,46.7668704464134,3.18983255958859,10.372
2022-08-01 23:07:00,-52.9038769440066,46.7569568221229,2.57772242127664,10.484
2022-08-01 23:22:00,-52.8997633904449,46.7550634119751,2.41091796156764,9.648
2022-08-01 23:37:00,-52.8965457385301,46.7543706352371,2.38586351115275,9.12
2022-08-01 23:52:00,-52.8935669907221,46.753600008716,2.37115016235369,9.14666666666667
2022-08-02 00:07:00,-52.8907223237518,46.7527943395535,2.33245813825377,9.04666666666667
2022-08-02 00:22:00,-52.8882663238497,46.7518496717921,2.33129431343358,9.04666666666667
2022-08-02 00:37:00,-52.8859829873276,46.750727671572,2.32627954160103,8.88
2022-08-02 00:52:00,-52.8838663259575,46.7494946699847,2.30663421626778,8.95333333333333
2022-08-02 01:07:00,-52.8817219855437,46.748422340568,2.39203558269368,8.91
2022-08-02 01:22:00,-52.8790276547989,46.7472003399674,2.28563916623027,8.71
2022-08-02 01:37:00,-52.8767101884715,46.7465085656495,2.091035399319,8.85625
2022-08-02 01:52:00,-52.875103333569,46.7466133347784,2.01415149531438,9.13
2022-08-02 02:07:00,-52.8737588012399,46.7467121351719,2.07922588526809,9.12266666666667
2022-08-02 02:22:00,-52.8722029994578,46.7468608694318,2.03748113373606,8.83466666666667
2022-08-02 02:37:00,-52.8707763337438,46.7468754668086,1.79984951204556,8.906
2022-08-02 02:52:00,-52.8701165027229,46.7472165017607,2.11307395451615,8.8775
2022-08-02 03:07:00,-52.8685870034014,46.7477236032268,2.22908930167772,8.97
2022-08-02 03:22:00,-52.8665736046462,46.7483634015053,2.22551333461113,8.886
2022-08-02 03:37:00,-52.8649066048772,46.7493502042466,2.30615112548613,8.858
2022-08-02 03:52:00,-52.8624630059296,46.7500530038539,2.32699502705325,8.846
2022-08-02 04:07:00,-52.8600464104897,46.7509964050218,2.39285690205979,8.992
2022-08-02 04:22:00,-52.8574734092896,46.752343403176,2.3441932866889,9.082
2022-08-02 04:37:00,-52.8554070057875,46.7537336022634,2.27099448384482,9.378
2022-08-02 04:52:00,-52.8535387574252,46.7548156284668,2.33655211773354,9.139375
2022-08-02 05:07:00,-52.8513163458175,46.7560322704782,2.49486149364236,8.792
2022-08-02 05:22:00,-52.8486017615651,46.7581357533507,2.46379009414639,9.6175
2022-08-02 05:37:00,-52.8461719372119,46.7601514007578,2.40335868980232,9.39
2022-08-02 05:52:00,-52.8445703346946,46.7621452668051,2.29393374435455,9.376
2022-08-02 06:07:00,-52.8440136627308,46.7638736672421,2.44453234881533,9.21066666666667
2022-08-02 06:22:00,-52.8454391979157,46.7661780669902,2.31383357265814,9.646
2022-08-02 06:37:00,-52.8465621962087,46.7678630007732,2.40561041727261,9.72866666666667
2022-08-02 06:52:00,-52.8482729947426,46.7698274678674,2.46115234062511,9.696
2022-08-02 07:07:00,-52.8503707948654,46.7719933344967,2.45875432672641,9.48733333333333
2022-08-02 07:22:00,-52.8524624934452,46.7741448142306,2.48409624193457,9.33125
2022-08-02 07:37:00,-52.8548999999999,46.7763170000028,2.55460846121167,9.65
2022-08-02 07:52:00,-52.8572329999999,46.7791170000029,2.52762409764468,10.05
2022-08-02 08:07:00,-52.8595926800135,46.7816791891223,2.55746202149668,9.571875
2022-08-02 08:22:00,-52.8616007931995,46.7846192010712,2.62385948222059,10.072
2022-08-02 08:37:00,-52.8643929891842,46.7878811355401,2.60698137212693,10.054
2022-08-02 08:52:00,-52.8670255238031,46.7910400018615,2.61175277153817,9.69533333333333
2022-08-02 09:07:00,-52.8697199900633,46.7942208019811,2.56114682848108,9.754
2022-08-02 09:22:00,-52.8716425268912,46.7972180676169,2.52123498746632,10.1426666666667
2022-08-02 09:37:00,-52.8727469964991,46.8001078003044,3.15046506206036,10.1326666666667
2022-08-02 09:52:00,-52.884203820649,46.7901108403312,3.44258130666891,10.2606666666667
2022-08-02 10:07:00,-52.8963981764209,46.7666337245671,3.45708704461171,10.851875
2022-08-02 10:22:00,-52.9085816311249,46.7422582500054,2.69422022960788,11.4753125
2022-08-02 10:37:00,-52.9084170051495,46.7378102073662,2.37832647817791,11.264
2022-08-02 10:52:00,-52.9054198055108,46.7384234060044,2.35645051995508,11.02
2022-08-02 11:07:00,-52.9026330059813,46.7391364052756,2.3227626382846,11.116
2022-08-02 11:22:00,-52.9001210075869,46.7399085055942,2.31622748683013,11.33
2022-08-02 11:37:00,-52.8974503348293,46.7402270064467,2.38333380538514,11.346
2022-08-02 11:52:00,-52.8942970021901,46.7404012092807,2.41593669081839,11.4106666666667
2022-08-02 12:07:00,-52.8908987358241,46.7405966767159,2.40506727840318,12.54
2022-08-02 12:22:00,-52.8875767511573,46.7407070739681,2.41667459971453,13.428125
2022-08-02 12:37:00,-52.8841609999998,46.7407330117468,2.46527749257987,13.5366666666667
2022-08-02 12:52:00,-52.8803446636622,46.7406110153597,2.51851539277999,13.16
2022-08-02 13:07:00,-52.8760276706768,46.740694686132,2.4096848743494,13.7133333333333
2022-08-02 13:22:00,-52.8726663317867,46.7406776742602,2.34589216391754,14.0166666666667
2022-08-02 13:37:00,-52.8697996618854,46.7403663414785,2.35775996475373,13.5233333333333
2022-08-02 13:52:00,-52.8668223335444,46.7402443421427,2.48084351351371,13.55
2022-08-02 14:07:00,-52.8629170119584,46.7406946849863,2.48821450337076,14.06
2022-08-02 14:22:00,-52.8589144849096,46.7403857670311,3.71502007621794,13.5375
2022-08-02 14:37:00,-52.8469575301551,46.6944373152025,3.94526626953254,16.38
2022-08-02 14:52:00,-52.8445695380947,46.6151368601131,3.55466980001362,18.548
2022-08-02 15:07:00,-52.8443189525124,46.5828689739844,2.63501305564208,18.039375
2022-08-02 15:22:00,-52.8387446147252,46.5834189014953,2.62451949674894,16.9833333333333
2022-08-02 15:37:00,-52.833282407276,46.5838430302693,3.39658369955412,17.7173333333333
2022-08-02 15:52:00,-52.8193198866771,46.5635925702378,3.80072244810529,19.126
2022-08-02 16:07:00,-52.8075235219444,46.5073142782466,3.70196614786231,19.27
2022-08-02 16:22:00,-52.8039462838587,46.4620830160814,3.63828420154363,19.8346666666667
2022-08-02 16:37:00,-52.8061356146781,46.4229915691587,3.62144524859545,20.31
2022-08-02 16:52:00,-52.807487322229,46.3853700344372,3.06041691016233,19.3806666666667
2022-08-02 17:07:00,-52.8032696666665,46.3754500073385,2.26454361349976,19.0073333333333
2022-08-02 17:22:00,-52.8008796660099,46.3754187383532,2.25030679372897,20.082
2022-08-02 17:37:00,-52.7985663342903,46.3754222067853,3.26125075770384,19.9513333333333
2022-08-02 17:52:00,-52.8061884534938,46.3598727992365,3.83806819488781,19.6586666666667
2022-08-02 18:07:00,-52.8042708013812,46.2979145127192,3.97391069540201,20.15
2022-08-02 18:22:00,-52.7647012683608,46.2177507565275,3.68231671024147,20.032
2022-08-02 18:37:00,-52.7284201992428,46.1825370007922,1.75224104952759,19.564
2022-08-02 18:52:00,-52.7277599996178,46.1823170001339,1.60643206852047,19.242
2022-08-02 19:07:00,-52.7275031997868,46.1820002000201,3.4324056479754,18.77
2022-08-02 19:22:00,-52.7325763411108,46.1579033728063,3.94351741754527,18.672
2022-08-02 19:37:00,-52.7567751510763,46.0807083753755,3.82640397272432,19.714
2022-08-02 19:52:00,-52.8023423491989,46.0293891937918,3.70211884425025,20.1993793103448
2022-08-02 20:07:00,-52.8545664941426,46.056428038397,3.70212698996125,19.8228275862069
2022-08-02 20:22:00,-52.9068417845328,46.0834430751691,3.70213530216561,19.446275862069
2022-08-02 20:37:00,-52.9591682736104,46.110434258292,3.70214378085483,19.069724137931
2022-08-02 20:52:00,-53.0115460145064,46.1374015418795,3.70215242602125,18.6931724137931
2022-08-02 21:07:00,-53.0639750602415,46.1643448799747,3.70216123765683,18.3166206896552
2022-08-02 21:22:00,-53.1164554637244,46.1912642265503,3.70217021575357,17.9400689655172
2022-08-02 21:37:00,-53.1689872777509,46.2181595355089,3.70217936030317,17.5635172413793
2022-08-02 21:52:00,-53.221570555003,46.2450307606824,3.70218867129801,17.1869655172414
2022-08-02 22:07:00,-53.2742053480475,46.2718778558327,3.19052846531945,16.8104137931035
2022-08-02 22:22:00,-53.2882383127755,46.281875125006,1.65977555928367,16.056875
2022-08-02 22:37:00,-53.2886556705239,46.2821670003951,2.37090413856114,15.1333333333333
2022-08-02 22:52:00,-53.2892110049535,46.2800890002637,2.37909048497028,14.7266666666667
2022-08-02 23:07:00,-53.2906723464082,46.2781886702955,2.42891106333307,14.7933333333333
2022-08-02 23:22:00,-53.2927610181471,46.2762556712169,2.47353154523432,14.8166666666667
2022-08-02 23:37:00,-53.295716354389,46.2745336775432,2.46858619135495,14.86
2022-08-02 23:52:00,-53.2988330221285,46.2730063854673,2.48611261606056,14.80875
2022-08-03 00:07:00,-53.301953025685,46.2713002107185,2.52531432625285,14.88
2022-08-03 00:22:00,-53.3056630248271,46.2697270171655,2.55787235967991,14.744
2022-08-03 00:37:00,-53.3099332251417,46.2683870204164,2.57051838297927,14.618
2022-08-03 00:52:00,-53.314500219085,46.2673066227923,2.59040350589972,14.612
2022-08-03 01:07:00,-53.3194366137978,46.2665634273877,2.54292341322107,14.708
2022-08-03 01:22:00,-53.323883199319,46.2659699570374,2.49705187273246,14.875625
2022-08-03 01:37:00,-53.3279100055162,46.2655400178012,2.54512102998124,14.8966666666667
2022-08-03 01:52:00,-53.3324490704326,46.2653109601053,2.58728482306671,14.8233333333333
2022-08-03 02:07:00,-53.3374603241621,46.2654463610073,2.60711095453462,14.7786666666667
2022-08-03 02:22:00,-53.3426703215767,46.2658911643923,2.59916958593509,14.7866666666667
2022-08-03 02:37:00,-53.3477179130717,46.2666146248256,2.58171887090417,14.8206666666667
2022-08-03 02:52:00,-53.3524566442591,46.2676100239717,2.57088753316953,14.8193333333333
2022-08-03 03:07:00,-53.3570664775821,46.2686085254603,2.54105531475482,14.84
2022-08-03 03:22:00,-53.3612875777695,46.2697078162292,2.51838548757435,14.9586666666667
2022-08-03 03:37:00,-53.365006639261,46.2711763470117,2.50087569908158,15.0693333333333
2022-08-03 03:52:00,-53.3681833091799,46.2729855415437,2.51436366791412,15.1173333333333
2022-08-03 04:07:00,-53.371244566634,46.2750203460063,2.50817695331985,15.16
2022-08-03 04:22:00,-53.3743208509822,46.276983383817,2.45003979018064,15.18625
2022-08-03 04:37:00,-53.3764865849417,46.2790266020096,2.50712644995888,15.268
2022-08-03 04:52:00,-53.3772970007371,46.2818634000084,2.59038561078933,15.308
2022-08-03 05:07:00,-53.3770734078455,46.2853630002508,2.59744449779013,15.236
2022-08-03 05:22:00,-53.3760830244143,46.2888566032095,2.56878502097008,15.24
2022-08-03 05:37:00,-53.3743081511893,46.291954253823,2.54712597262615,15.3525
2022-08-03 05:52:00,-53.3723390245501,46.2948163383877,2.57068027012112,15.38
2022-08-03 06:07:00,-53.3697170419718,46.2976276772207,2.64499413996031,15.2566666666667
2022-08-03 06:22:00,-53.3660170517429,46.3006613529536,2.63738821760344,15.2166666666667
2022-08-03 06:37:00,-53.3619723649203,46.3033776761861,2.57081016605523,15.1466666666667
2022-08-03 06:52:00,-53.3586277015843,46.3057943470766,2.57697801309061,15.07
2022-08-03 07:07:00,-53.3549780309768,46.3080613446484,2.54995198179501,14.9066666666667
2022-08-03 07:22:00,-53.3516110274173,46.310239010344,2.51856370175335,14.82
2022-08-03 07:37:00,-53.3482220194126,46.3120556794567,2.46778941063498,14.7766666666667
2022-08-03 07:52:00,-53.3448000115195,46.3132195720949,2.40759653262309,14.928125
2022-08-03 08:07:00,-53.3416978751287,46.3140366764275,2.47125207349422,15.0386666666667
2022-08-03 08:22:00,-53.3380524859081,46.314878816261,2.52374721021624,14.918
2022-08-03 08:37:00,-53.3340588106028,46.3160496741759,2.43172187505216,15.066
2022-08-03 08:52:00,-53.3308696809259,46.3170630123139,2.46102518833727,15.1366666666667
2022-08-03 09:07:00,-53.3273455050542,46.3179580071179,2.34952583853372,15.31
2022-08-03 09:22:00,-53.3245264047359,46.3184398064211,2.36569849827502,15.654
2022-08-03 09:37:00,-53.3216166041204,46.3189836040798,2.28608039039393,15.798
2022-08-03 09:52:00,-53.3192064005783,46.319466603966,2.2569393949602,15.612
2022-08-03 10:07:00,-53.3168666016918,46.3195864032806,2.17909541699065,15.504
2022-08-03 10:22:00,-53.3149163988914,46.3197300008237,3.18983114933279,16.034
2022-08-03 10:37:00,-53.3064406232931,46.3323600537994,3.88931806317983,16.18375
2022-08-03 10:52:00,-53.2683397778097,46.3969027386164,3.88931714033902,16.2525
2022-08-03 11:07:00,-53.2301487034617,46.4614327402757,3.88931632091769,16.32125
2022-08-03 11:22:00,-53.1918669999999,46.5259500000029,2.06922215192117,16.39
2022-08-03 11:37:00,-53.1920169999999,46.5270000000029,2.33743847427334,15.11
2022-08-03 11:52:00,-53.1922499999999,46.5289500000029,3.69518359685875,15.54
2022-08-03 12:07:00,-53.1319999999999,46.5450670000029,4.11311862951837,16.48
2022-08-03 12:22:00,-53.0731329392401,46.6545211329548,3.89458186011104,16.376875
2022-08-03 12:37:00,-53.0444527805867,46.7222813240362,2.86457812035774,12.786
2022-08-03 12:52:00,-53.0429788709068,46.7157733333663,1.92654375969428,13.958
2022-08-03 13:07:00,-53.0426266674045,46.7164933333824,2.37698251820727,12.5013333333333
2022-08-03 13:22:00,-53.0419158646804,46.714406666818,2.01163251090424,13.7246666666667
2022-08-03 13:37:00,-53.0405752670383,46.7144674671915,1.75834934838009,14.0533333333333
2022-08-03 13:52:00,-53.0398267500257,46.7144978752737,2.26581680066442,14.6125
2022-08-03 14:07:00,-53.0407658851082,46.7129696079019,2.33525286560283,14.2197872340426
2022-08-03 14:22:00,-53.041957602829,46.7112037593117,2.33525289130959,13.6772340425532
2022-08-03 14:37:00,-53.0431492425707,46.709437898351,1.9012095250116,13.1346808510638
2022-08-03 14:52:00,-53.0431978662224,46.7087220667871,1.78931870212486,13.87
2022-08-03 15:07:00,-53.0431608668569,46.7081688000115,2.02502199114011,13.7793333333333
2022-08-03 15:22:00,-53.0432446003246,46.707217533345,2.07914692822603,13.2633333333333
2022-08-03 15:37:00,-53.0433036668627,46.7061388000078,2.00526575800317,12.734
2022-08-03 15:52:00,-53.0439240651355,46.7053343757353,1.75551500897292,13.531875
2022-08-03 16:07:00,-53.043921999284,46.704822000174,1.68586444253256,14.2466666666667
2022-08-03 16:22:00,-53.043438999541,46.7045390002634,1.69800190141258,14.19
2022-08-03 16:37:00,-53.0427890004898,46.70457766717,1.67180884675844,14.05
2022-08-03 16:52:00,-53.0422268754129,46.7047480002786,1.77315261135562,14.88
2022-08-03 17:07:00,-53.0415332010479,46.704986800731,2.06977750965854,14.718
2022-08-03 17:22:00,-53.0400498022754,46.7052602038472,2.97465349164818,14.618
2022-08-03 17:37:00,-53.0483737149608,46.6989970399319,3.04615052912567,12.942
2022-08-03 17:52:00,-53.054853024417,46.6900400005179,2.44499874434275,14.04
2022-08-03 18:07:00,-53.0534734167998,46.6877202080037,2.36995042544181,15.644
2022-08-03 18:22:00,-53.0507068073765,46.6886270080094,2.31899210017688,15.486
2022-08-03 18:37:00,-53.0480802048732,46.6891268067129,2.21461367364405,15.298
2022-08-03 18:52:00,-53.0459419987879,46.6892251917934,2.1587859722675,15.10375
2022-08-03 19:07:00,-53.0440712650836,46.6890688704512,2.2663380578083,14.8033333333333
2022-08-03 19:22:00,-53.0417066606542,46.6887344751717,2.36494345113408,14.3626666666667
2022-08-03 19:37:00,-53.0388709205587,46.6880012755833,2.27764127912214,13.784
2022-08-03 19:52:00,-53.0365664968687,46.6873750040745,2.21385737501496,13.19
2022-08-03 20:07:00,-53.0345812586199,46.6868266718386,2.27183644707011,12.5446666666667
2022-08-03 20:22:00,-53.0325690571815,46.6858712702515,2.19194786475769,12.164
2022-08-03 20:37:00,-53.0312733300533,46.6847924005369,3.02807535725136,12.0586666666667
2022-08-03 20:52:00,-53.0391505889603,46.6927124056487,3.51987950442808,14.0106666666667
2022-08-03 21:07:00,-53.0285090993131,46.7215808740351,3.48383942272419,16.5166666666667
2022-08-03 21:22:00,-53.0043053958874,46.7433611410492,2.26192141222976,15.7213333333333
2022-08-03 21:37:00,-53.0019342658875,46.7431442711525,2.06414581776976,14.2026666666667
2022-08-03 21:52:00,-53.0004220663152,46.7430612675839,1.84043572072541,13.792
2022-08-03 22:07:00,-52.9995173750692,46.743024000973,1.90803095465049,14.0425
2022-08-03 22:22:00,-52.9986497960469,46.742606600731,2.08087991782472,14.268
2022-08-03 22:37:00,-52.9977567972256,46.7417134010157,2.59775466698027,14.282
2022-08-03 22:52:00,-52.9947732313205,46.7387998374356,2.7592325977953,14.078
2022-08-03 23:07:00,-52.990845493675,46.7343936258325,2.2043541829076,14.24375
2022-08-03 23:22:00,-52.99023299932,46.7330163333608,2.15073302172669,14.4766666666667
2022-08-03 23:37:00,-52.9898829952099,46.7317663338834,2.2402043135195,14.1966666666667
2022-08-03 23:52:00,-52.9891748711532,46.7302798754207,2.24982225425503,14.401875
2022-08-04 00:07:00,-52.9884991274091,46.7287496672409,2.35528085464749,14.1093333333333
2022-08-04 00:22:00,-52.9878333315659,46.7267630000589,2.31684267487094,13.944
2022-08-04 00:37:00,-52.9877654692297,46.7248975334987,2.27484702292368,13.6073333333333
2022-08-04 00:52:00,-52.9884208741663,46.7232645347063,2.30512750977395,13.806
2022-08-04 01:07:00,-52.9899417594598,46.7217795045812,2.30868305587465,14.1275
2022-08-04 01:22:00,-52.9921002059658,46.720707002564,2.26833994693762,14.244
2022-08-04 01:37:00,-52.9940464048053,46.7197102029831,2.23388077374592,14.088
2022-08-04 01:52:00,-52.995993402971,46.7189464015054,2.09730214375777,14.384
2022-08-04 02:07:00,-52.997243601022,46.7182200001079,2.01575451787115,14.398
2022-08-04 02:22:00,-52.9975634001852,46.7173134000088,2.00901102177653,14.206
2022-08-04 02:37:00,-52.9977070011126,46.7164002001468,2.00259567155518,14.838
2022-08-04 02:52:00,-52.9980836002459,46.7155330000105,2.00182272296825,15.166
2022-08-04 03:07:00,-52.9981186872406,46.7146298750242,1.81716569716846,14.99875
2022-08-04 03:22:00,-52.9979141989502,46.7140563334731,2.04658091820308,14.6526666666667
2022-08-04 03:37:00,-52.9974069991654,46.713117533441,2.0212713784293,14.37
2022-08-04 03:52:00,-52.9969480655042,46.7122270001402,2.0933387066441,14.0713333333333
2022-08-04 04:07:00,-52.9964289320779,46.711170333482,2.10139448577668,13.8133333333333
2022-08-04 04:22:00,-52.9958648734817,46.7101023753237,2.04189250916795,13.77625
2022-08-04 04:37:00,-52.9950988661802,46.7092633334985,1.9130454891717,13.81
2022-08-04 04:52:00,-52.9943407999269,46.7087433334476,1.65616492035525,13.6853333333333
2022-08-04 05:07:00,-52.9937533332986,46.7086900000064,1.82175327704763,13.9086666666667
2022-08-04 05:22:00,-52.9938099999077,46.7092855333451,1.78936248416179,14.0393333333333
2022-08-04 05:37:00,-52.9939422000989,46.7098319333427,1.89571279343585,14.17
2022-08-04 05:52:00,-52.9937695002205,46.7105295002691,1.87937488802999,14.200625
2022-08-04 06:07:00,-52.9928169999999,46.7107170000028,2.06117891345891,14.66
2022-08-04 06:22:00,-52.9913829999999,46.7110330000029,2.01397758845472,14.47
2022-08-04 06:37:00,-52.9900499999999,46.7111830000028,1.84176345888091,14.62
2022-08-04 06:52:00,-52.9892669999999,46.7115000000029,1.77316677120345,14.52
2022-08-04 07:07:00,-52.9888499999999,46.7119500000029,1.85836728892425,14.11
2022-08-04 07:22:00,-52.9886934376237,46.7125903125128,1.76333332759393,13.744375
2022-08-04 07:37:00,-52.9879830001295,46.7127730001581,1.76999556184715,13.3466666666667
2022-08-04 07:52:00,-52.9874514002378,46.7131563334112,1.74076075920001,13.3106666666667
2022-08-04 08:07:00,-52.9867319332909,46.713136333485,1.81001786323291,13.254
2022-08-04 08:22:00,-52.9867704998647,46.7137166250105,1.94484796483671,13.67
2022-08-04 08:37:00,-52.9868263332457,46.7145080666736,1.52186298950498,13.3313333333333
2022-08-04 08:52:00,-52.9870210665815,46.7147756000294,1.59980904949096,13.0966666666667
2022-08-04 09:07:00,-52.9874399997908,46.7149880667743,0.765717689586756,13.5466666666667
2022-08-04 09:22:00,-52.9874455624809,46.7149357500087,3.3412283692013,14.595
2022-08-04 09:37:00,-53.0161401593704,46.7152242973549,3.18546610799492,15.108
2022-08-04 09:52:00,-53.0255696737367,46.7273936055323,3.4030093763993,14.012
2022-08-04 10:07:00,-53.0451884841084,46.7090701952334,3.41447688347456,14.856
2022-08-04 10:22:00,-53.0585370417018,46.6875866802764,2.65200731172606,14.492
2022-08-04 10:37:00,-53.0605705001732,46.6837997500241,1.66028753629188,14.72
2022-08-04 10:52:00,-53.0601663338762,46.6841030002187,1.89396115048247,16.1846666666667
2022-08-04 11:07:00,-53.0594954683037,46.68463546713,1.92620855905013,16.6553333333333
2022-08-04 11:22:00,-53.0584633132259,46.6849031263917,2.11110415473339,16.423125
2022-08-04 11:37:00,-53.056783000802,46.685016670353,2.06608239715009,15.34
2022-08-04 11:52:00,-53.0552663323546,46.6849280016415,1.77817082616721,13.8833333333333
2022-08-04 12:07:00,-53.0544890004244,46.6850003335967,3.07479045915167,13.76
2022-08-04 12:22:00,-53.0624322084037,46.6758171720794,3.31594528863792,13.47125
2022-08-04 12:37:00,-53.0669501447532,46.657457000361,2.99816367502381,13.274
2022-08-04 12:52:00,-53.0661169970403,46.6485168010512,2.07370013108821,12.898
2022-08-04 13:07:00,-53.0651769961384,46.6476698008525,2.16542030383449,12.832
2022-08-04 13:22:00,-53.0640765937037,46.6465930015977,2.11619255175175,13.196
2022-08-04 13:37:00,-53.0635133994425,46.6454832000198,2.03493925770825,13.85
2022-08-04 13:52:00,-53.0634267997323,46.6445100000104,1.99353564533368,14.058
2022-08-04 14:07:00,-53.0635029382765,46.6436251875416,2.06832371757182,15.7025
2022-08-04 14:22:00,-53.0640720711678,46.6426479342507,2.12663892828294,16.842
2022-08-04 14:37:00,-53.0647133354806,46.6415276001791,2.1918272421594,14.9746666666667
2022-08-04 14:52:00,-53.064802398653,46.6401296667087,2.13542161015953,14.1133333333333
2022-08-04 15:07:00,-53.063987929246,46.6390363353651,1.92898060712431,14.5326666666667
2022-08-04 15:22:00,-53.0650923894804,46.6391063449111,3.17201837031117,14.2006666666667
2022-08-04 15:37:00,-53.0680746526786,46.6523165092657,3.23160927712305,15.42
2022-08-04 15:52:00,-53.0672931156567,46.6676420916509,2.62434652435717,16.5506666666667
2022-08-04 16:07:00,-53.0638776032411,46.6706122036483,2.21405765116509,16.2013333333333
2022-08-04 16:22:00,-53.0618420722308,46.6710657389107,2.27761931743875,16.5206666666667
2022-08-04 16:37:00,-53.0595522083509,46.6717154058208,2.2712983827075,16.7793333333333
2022-08-04 16:52:00,-53.0572451283467,46.6722642564401,2.28537024148472,16.984375
2022-08-04 17:07:00,-53.0548070080493,46.6727066073471,2.32958723100859,17.376
2022-08-04 17:22:00,-53.0522370092481,46.6734570062808,2.34107821011932,17.428
2022-08-04 17:37:00,-53.0498734150407,46.6745734052231,2.3782159102197,17.298
2022-08-04 17:52:00,-53.0476798146836,46.676103004762,2.40330337157419,16.646
2022-08-04 18:07:00,-53.0451532186897,46.6775730101624,2.44657872360831,16.436
2022-08-04 18:22:00,-53.0418230091923,46.678609813933,2.40038456577487,16.22
2022-08-04 18:37:00,-53.0386798084678,46.6792700059422,2.29208108075029,16.146
2022-08-04 18:52:00,-53.0363832072191,46.6800500049148,2.2903677019683,16.032
2022-08-04 19:07:00,-53.0340517583504,46.6807625077262,2.27862462000503,15.2775
2022-08-04 19:22:00,-53.0316720012233,46.681250003812,2.2059657874463,15.17
2022-08-04 19:37:00,-53.0295723315772,46.6812890052742,2.22987372305128,15.44
2022-08-04 19:52:00,-53.0273607498579,46.6811616916327,2.89591839966176,15.61
2022-08-04 20:07:00,-53.030955294945,46.6877948375614,3.46798134709752,16.692
2022-08-04 20:22:00,-53.0419113787249,46.7131247011854,3.30396156121581,16.9146666666667
2022-08-04 20:37:00,-53.0356459598365,46.7307197024708,3.15754644998127,12.1813333333333
2022-08-04 20:52:00,-53.0345976578396,46.7178091363375,3.43578109073666,13.6506666666667
2022-08-04 21:07:00,-53.0180988009954,46.6960524703116,2.17794903489159,14.95
2022-08-04 21:22:00,-53.0161341955324,46.6959545357517,2.18265545335635,14.8166666666667
2022-08-04 21:37:00,-53.0145221282019,46.6951503350493,2.18186498477212,15.7933333333333
2022-08-04 21:52:00,-53.0131664953098,46.6941502513147,2.15399222159021,16.0975
2022-08-04 22:07:00,-53.0120369970668,46.6931300005702,2.15862428567375,15.54
2022-08-04 22:22:00,-53.0111401965953,46.6919900005503,2.23322489627627,13.912
2022-08-04 22:37:00,-53.0101897936347,46.6905966010362,2.32644432228507,13.314
2022-08-04 22:52:00,-53.0090482456008,46.6888580630432,2.27462816000911,13.336875
2022-08-04 23:07:00,-53.0082036641808,46.6872677337027,2.21012667130609,13.48
2022-08-04 23:22:00,-53.0073491311907,46.6859319337324,2.17416650758974,13.0686666666667
2022-08-04 23:37:00,-53.0064896641465,46.6847256002523,2.28391010797557,12.9486666666667
2022-08-04 23:52:00,-53.0057341965768,46.6830758006326,2.26761524062934,13.0593333333333
2022-08-05 00:07:00,-53.0047024646137,46.6815686001236,2.35307420500328,12.9726666666667
2022-08-05 00:22:00,-53.0043542025318,46.6795544001492,2.39984222529275,12.8293333333333
2022-08-05 00:37:00,-53.0048770022286,46.6773242001076,2.41059199100193,12.586
2022-08-05 00:52:00,-53.0054780735515,46.675045801267,2.40726342587164,12.2893333333333
2022-08-05 01:07:00,-53.006997880425,46.6729997506725,2.40122513839702,12.19375
2022-08-05 01:22:00,-53.0081419373475,46.6708747340627,2.4235888680518,12.024
2022-08-05 01:37:00,-53.0097947368246,46.6687774676674,2.35604151707978,12.242
2022-08-05 01:52:00,-53.011695502829,46.6672093758327,2.29832149635753,12.526875
2022-08-05 02:07:00,-53.0133829999999,46.6658500000028,2.28019757932545,12.18
2022-08-05 02:22:00,-53.0144999999999,46.6643170000029,2.34759968743967,12.29
2022-08-05 02:37:00,-53.0162169999999,46.6627000000029,2.35244597804989,12.46
2022-08-05 02:52:00,-53.0175169999999,46.6608830000028,2.37895057861575,12.26
2022-08-05 03:07:00,-53.0190329999999,46.6590000000029,2.39113590072613,12.3
2022-08-05 03:22:00,-53.0207999999999,46.6571500000028,2.29493404699867,12.4
2022-08-05 03:37:00,-53.0230999999999,46.6563500000029,2.17075520232822,12.6
2022-08-05 03:52:00,-53.0247169999999,46.6556170000028,2.18440752655455,12.64
2022-08-05 04:07:00,-53.0262948141411,46.6547732507286,2.14094060314865,12.968125
2022-08-05 04:22:00,-53.0279241343046,46.6542344673952,1.91066029279603,13.13
2022-08-05 04:37:00,-53.0289047336201,46.6539508002422,1.64373654064799,12.4306666666667
2022-08-05 04:52:00,-53.0294644665948,46.6540422000827,1.79493772163341,12.5573333333333
2022-08-05 05:07:00,-53.0301999995678,46.6542836253106,2.20531484119036,12.9025
2022-08-05 05:22:00,-53.0317299961215,46.6552703347095,2.27290286261434,13.002
2022-08-05 05:37:00,-53.0331199958658,46.6566589342564,2.33949126486431,12.9753333333333
2022-08-05 05:52:00,-53.0345713945667,46.6583519344223,2.36167331612523,13.0653333333333
2022-08-05 06:07:00,-53.034737533487,46.6604177333396,2.32636891527336,13.3226666666667
2022-08-05 06:22:00,-53.034773624718,46.6623250000074,2.3682064908736,13.465625
2022-08-05 06:37:00,-53.0345566018006,46.6644200000615,2.41623770995489,13.866
2022-08-05 06:52:00,-53.0338600055242,46.6667164004518,2.4190517334178,13.904
2022-08-05 07:07:00,-53.0330464055235,46.6690102004709,2.40936138091259,14.258
2022-08-05 07:22:00,-53.0323366045492,46.6712670003308,2.39600829310627,14.27
2022-08-05 07:37:00,-53.031425258121,46.6734165008772,2.40877573541305,14.2875
2022-08-05 07:52:00,-53.0301036777749,46.6755354684633,2.46111983557565,14.2046666666667
2022-08-05 08:07:00,-53.028720140566,46.6779562519733,2.34794006588636,14.149375
2022-08-05 08:22:00,-53.0269223424583,46.679533337277,2.26432902065372,14.1333333333333
2022-08-05 08:37:00,-53.0249280067938,46.6804553371454,2.33544703406407,14.09
2022-08-05 08:52:00,-53.0224443443984,46.681389007241,2.42675441085628,14.1033333333333
2022-08-05 09:07:00,-53.0190776737258,46.6820276798022,3.5161647535205,14
2022-08-05 09:22:00,-53.0541111016257,46.6649858625267,3.56061569220611,15.3666666666667
2022-08-05 09:37:00,-53.0927683092871,46.6459732515864,3.3768043378715,13.62
2022-08-05 09:52:00,-53.1145454062985,46.630677955279,2.70909780976921,12.25
2022-08-05 10:07:00,-53.1173886902768,46.6265110184675,2.50333025134724,12.02
2022-08-05 10:22:00,-53.1134123863502,46.6273562666125,3.73096172347383,11.65875
2022-08-05 10:37:00,-53.1731595989822,46.6018708911056,3.77822379917563,13.404
2022-08-05 10:52:00,-53.2404603965972,46.5742722380539,3.20887014778213,14.134
2022-08-05 11:07:00,-53.2578769962835,46.566057000173,3.38303605852579,13.614
2022-08-05 11:22:00,-53.2885082082212,46.5609693534815,3.89566300990616,14.662
2022-08-05 11:37:00,-53.385801607003,46.538620108904,3.8266974955759,16.552
2022-08-05 11:52:00,-53.4680410207231,46.5180960251496,3.27862504338502,16.484375
2022-08-05 12:07:00,-53.4909903220949,46.5116979390759,2.32300009613018,15.674
2022-08-05 12:22:00,-53.4891255220051,46.5103109357274,2.3071073148267,15.7866666666667
2022-08-05 12:37:00,-53.4893487486641,46.5084930032029,3.64895979619952,15.9453333333333
2022-08-05 12:52:00,-53.5384794599642,46.4871469807914,3.91155578388088,16.2675
2022-08-05 13:07:00,-53.6289993222269,46.4487746444798,3.69720014096227,16.9940625
2022-08-05 13:22:00,-53.6842168099386,46.4253434061158,2.33848019003993,17.47
2022-08-05 13:37:00,-53.6867002109847,46.4243966069839,3.45934768262212,17.506
2022-08-05 13:52:00,-53.7140877994191,46.4067289283875,3.83709353412962,17.8475
2022-08-05 14:07:00,-53.7786115173812,46.3639833235263,3.83710197345728,18.79125
2022-08-05 14:22:00,-53.8430342989332,46.3212014848645,3.74391945541692,19.735
2022-08-05 14:37:00,-53.8951834059882,46.2868300081489,2.60513114298562,20.344
2022-08-05 14:52:00,-53.9001736982998,46.2857534887947,3.49092462731727,19.716
2022-08-05 15:07:00,-53.9378153556376,46.276021265936,4.05609756581209,19.984
2022-08-05 15:22:00,-54.0807052685039,46.2504877741583,4.02448453606865,21.812
2022-08-05 15:37:00,-54.2125926960296,46.2766841969424,3.94630316851329,21.615
2022-08-05 15:52:00,-54.3024984530093,46.3260058872618,3.85316348192277,20.0093333333333
2022-08-05 16:07:00,-54.3882183948982,46.3502414979967,3.35784558762156,20.7346666666667
2022-08-05 16:22:00,-54.4134719380321,46.3609386003552,2.47988090046924,19.232
2022-08-05 16:37:00,-54.4126144054489,46.36358773386,2.4689880480751,19.882
2022-08-05 16:52:00,-54.4116019389146,46.3661408671591,2.50075931615847,20.0973333333333
2022-08-05 17:07:00,-54.4104966792602,46.3688847351572,3.25071372046822,19.3226666666667
2022-08-05 17:22:00,-54.4122296179517,46.3848565992901,4.05569673567179,19.71625
2022-08-05 17:37:00,-54.4371061862811,46.4856234175367,4.12632875551029,21.4546666666667
2022-08-05 17:52:00,-54.454134352697,46.6053227672249,4.12978785857458,21.6344680851064
2022-08-05 18:07:00,-54.462664992702,46.7264139379456,4.12979725177453,21.2514893617021
2022-08-05 18:22:00,-54.4712340179944,46.8475044719128,4.1298066393026,20.8685106382979
2022-08-05 18:37:00,-54.4798417651041,46.9685943635406,3.69138821271654,20.4855319148936
2022-08-05 18:52:00,-54.4649449447569,47.011579648941,4.08366311716985,20.41625
2022-08-05 19:07:00,-54.3138090826457,47.0462937907775,4.08769675993295,20.54
2022-08-05 19:22:00,-54.1531797107581,47.0390760275106,3.38809292689167,20.5513333333333
2022-08-05 19:37:00,-54.1813790127873,47.0496312048097,3.66402673823115,20.3531428571429
2022-08-05 19:52:00,-54.2383832645473,47.0638908243396,3.6640390122341,20.126
2022-08-05 20:07:00,-54.2954179898222,47.078122145199,3.66405147807174,19.8988571428571
2022-08-05 20:22:00,-54.3524831594506,47.0923251381657,3.66406413574702,19.6717142857143
2022-08-05 20:37:00,-54.4095787440621,47.1064997740373,3.66407698526321,19.4445714285714
2022-08-05 20:52:00,-54.4667047140768,47.1206460236317,3.66409002662379,19.2174285714286
2022-08-05 21:07:00,-54.5238610397047,47.1347638577873,3.66410325983234,18.9902857142857
2022-08-05 21:22:00,-54.5810476909464,47.1488532473632,3.66411668489227,18.7631428571429
2022-08-05 21:37:00,-54.6382646375917,47.1629141632396,3.66413030180758,18.536
2022-08-05 21:52:00,-54.6955118492204,47.1769465763177,3.66414411058186,18.3088571428571
2022-08-05 22:07:00,-54.752789295201,47.1909504575202,3.57024328890658,18.0817142857143
2022-08-05 22:22:00,-54.7992830931925,47.2015549454724,3.0808537274191,17.699375
2022-08-05 22:37:00,-54.795228904306,47.1910846666151,3.92284148837212,17.0353333333333
2022-08-05 22:52:00,-54.7334459013307,47.1287260575503,4.11620935547816,18.402
2022-08-05 23:07:00,-54.606704598535,47.0492974729007,4.03363170606355,18.6233333333333
2022-08-05 23:22:00,-54.5072454957533,46.9799440010769,2.25411173856513,18.54625
2022-08-05 23:37:00,-54.5058474646765,46.9786441337849,2.24555563097375,17.398
2022-08-05 23:52:00,-54.5045688650849,46.9773255337402,2.1884118833607,17.3693333333333
2022-08-06 00:07:00,-54.50336193199,46.9762108003135,2.15548834065343,17.358
2022-08-06 00:22:00,-54.5023258659969,46.9751378001088,2.05524828971545,17.328
2022-08-06 00:37:00,-54.5017055326606,46.9742092001262,2.03790012746182,17.3006666666667
2022-08-06 00:52:00,-54.5010407993372,46.9733400001142,2.04030696837764,17.3113333333333
2022-08-06 01:07:00,-54.5004155328925,46.9724511334115,1.95359447261362,17.3326666666667
2022-08-06 01:22:00,-54.4998952662605,46.9717258667591,1.90240419131582,17.368
2022-08-06 01:37:00,-54.4993253121836,46.9711229376192,1.81698106987976,17.340625
2022-08-06 01:52:00,-54.4987,46.9707170000029,1.87751495180648,17.35
2022-08-06 02:07:00,-54.4979,46.9703170000029,1.78732145246527,17.63
2022-08-06 02:22:00,-54.49715,46.9701170000029,1.73593525436219,17.49
2022-08-06 02:37:00,-54.49645,46.9700170000029,1.70570581516363,17.5
2022-08-06 02:52:00,-54.495783,46.9700170000028,1.83575443153102,17.54
2022-08-06 03:07:00,-54.49495,46.9702500000028,1.81698210513195,17.52
2022-08-06 03:22:00,-54.4943246878165,46.9706559376192,1.88000628991265,17.52
2022-08-06 03:37:00,-54.4939563335981,46.9712896667055,1.86384850454497,17.5293333333333
2022-08-06 03:52:00,-54.4935288669609,46.9718780667231,1.84395262009199,17.4833333333333
2022-08-06 04:07:00,-54.4931892002259,46.9724611333691,1.82837964703377,17.4706666666667
2022-08-06 04:22:00,-54.4926686003001,46.9729508000829,1.89352523844526,17.47
2022-08-06 04:37:00,-54.4921514003705,46.9735588667445,1.8126913870471,17.442
2022-08-06 04:52:00,-54.49182113353,46.9740974666996,1.75093667682291,17.412
2022-08-06 05:07:00,-54.4914648753659,46.9745416250755,1.75269614698188,17.69875
2022-08-06 05:22:00,-54.4911136670071,46.9749900000673,1.69819451526669,17.4366666666667
2022-08-06 05:37:00,-54.4906770003083,46.9753247334409,1.68752639120545,17.3206666666667
2022-08-06 05:52:00,-54.4902842002905,46.9756703334132,1.62778240106364,17.2493333333333
2022-08-06 06:07:00,-54.4899010668869,46.9759475334128,1.67369622664006,17.266
2022-08-06 06:22:00,-54.4893763128887,46.9761731252311,1.77257227646204,17.2375
2022-08-06 06:37:00,-54.4887734006758,46.9765098002708,1.71654861016201,17.23
2022-08-06 06:52:00,-54.4881700003304,46.9767302002564,1.60740989319439,17.254
2022-08-06 07:07:00,-54.4876500000749,46.9768070001798,1.71759418001303,17.252
2022-08-06 07:22:00,-54.487003600374,46.9769634003306,1.87093082725286,17.474
2022-08-06 07:37:00,-54.4862669982244,46.9765252505281,2.03729557108801,17.305
2022-08-06 07:52:00,-54.4852603303807,46.975828734369,2.04731522830071,17.274
2022-08-06 08:07:00,-54.4840987308827,46.9752179345324,3.86608798856804,17.3413333333333
2022-08-06 08:22:00,-54.4432990673099,46.9153637912494,4.11982607075056,18.5773333333333
2022-08-06 08:37:00,-54.3378181803461,46.8215272292037,4.1564732809484,18.9173333333333
2022-08-06 08:52:00,-54.2022301347907,46.7323921276668,4.16494593230039,18.8286666666667
2022-08-06 09:07:00,-54.0559235149721,46.6478330097628,4.14903705067413,18.8613333333333
2022-08-06 09:22:00,-53.9173629265764,46.5644788697697,4.16577923005803,18.653125
2022-08-06 09:37:00,-53.7573812554708,46.4926064828241,4.14531585662616,17.8633333333333
2022-08-06 09:52:00,-53.5962598745753,46.4342730578206,3.88560743139857,17.3133333333333
2022-08-06 10:07:00,-53.4974205509713,46.4447187820791,3.85868168688734,17.0439285714286
2022-08-06 10:22:00,-53.4267342319155,46.4875612100983,3.85867386196321,16.7948214285714
2022-08-06 10:37:00,-53.3559365350019,46.53036002509,3.85866636544231,16.5457142857143
2022-08-06 10:52:00,-53.2850272316448,46.57311509292,3.85865919730912,16.2966071428571
2022-08-06 11:07:00,-53.2140060933318,46.6158262790708,3.85865235754784,16.0475
2022-08-06 11:22:00,-53.1428728916303,46.6584934486409,3.85864584614324,15.7983928571429
2022-08-06 11:37:00,-53.0716273981922,46.7011164663445,3.76444426188517,15.5492857142857
2022-08-06 11:52:00,-53.0139534010354,46.7352064062065,2.3647982106345,15.868
2022-08-06 12:07:00,-53.0109235982532,46.7352634072175,2.39500120020586,17.536
2022-08-06 12:22:00,-53.007683399011,46.735097007747,2.39556412282904,15.742
2022-08-06 12:37:00,-53.0044325620596,46.7350076314521,2.36847948786645,15.800625
2022-08-06 12:52:00,-53.0013822607008,46.7348714075941,2.49256276906921,18.7293333333333
2022-08-06 13:07:00,-52.9974813889567,46.7340789414603,2.52170259077172,15.9133333333333
2022-08-06 13:22:00,-52.9934822626398,46.7329024742608,2.45747676356467,14.9653333333333
2022-08-06 13:37:00,-52.98979199807,46.7324372532259,2.27070131453183,14.815
2022-08-06 13:52:00,-52.9873980664936,46.7321114008682,2.13922797009059,13.5073333333333
2022-08-06 14:07:00,-52.9855986250396,46.7320340636853,2.1876819533082,13.260625
2022-08-06 14:22:00,-52.9835829999999,46.7320500000028,2.19165841083961,12.22
2022-08-06 14:37:00,-52.9815499999999,46.7320000000028,2.03097948630661,12.7
2022-08-06 14:52:00,-52.9801499999999,46.7320830000029,1.55277034656988,12.99
2022-08-06 15:07:00,-52.9797669999999,46.7322670000028,1.71761505541955,18.36
2022-08-06 15:22:00,-52.9796829999999,46.7327330000028,1.5719538022736,18.19
2022-08-06 15:37:00,-52.9797329999999,46.7330670000028,1.92712095621863,15.22
2022-08-06 15:52:00,-52.9792999999999,46.7337670000029,2.30793677233788,14.22
2022-08-06 16:07:00,-52.9813669999999,46.7349170000029,3.59632320534417,12.84
2022-08-06 16:22:00,-52.9646999999999,46.7685330000028,3.31646046431654,19.66
2022-08-06 16:37:00,-52.9428565491659,46.7795956385539,1.80806476638198,20.4475
2022-08-06 16:52:00,-52.9420374674029,46.7794622001321,2.14929317027513,16.8133333333333
2022-08-06 17:07:00,-52.9433122013954,46.778544133809,3.78840737002101,17.138
2022-08-06 17:22:00,-52.9386562148781,46.8337214070106,3.53156560628085,20.4466666666667
2022-08-06 17:37:00,-52.9283864324396,46.8634935613726,2.81864942829386,19.07
2022-08-06 17:52:00,-52.9216942008769,46.8672410852959,1.36845711545514,19.1606666666667
2022-08-06 18:07:00,-52.9213891333747,46.8672214001773,2.93395942687641,21.394
2022-08-06 18:22:00,-52.9262623623412,46.8602542154078,2.3419893155156,21.34
2022-08-06 18:37:00,-52.9283147345281,46.8588658011635,3.14684749727504,18.9053333333333
2022-08-06 18:52:00,-52.9235477075928,46.8710508832169,3.19976283429879,19.9873333333333
2022-08-06 19:07:00,-52.9180577411294,46.8847955224446,3.34880953173388,20.721875
2022-08-06 19:22:00,-52.9089804093237,46.9038930694532,2.74325349848214,21.736
2022-08-06 19:37:00,-52.9074101984584,46.9087566002043,2.01960722687444,23.224
2022-08-06 19:52:00,-52.9081169982826,46.9095636003975,2.00125179598016,23.436
2022-08-06 20:07:00,-52.908941997692,46.9102667506669,1.98191794448417,22.96
2022-08-06 20:22:00,-52.9095453985257,46.9110242002324,1.96447622725523,20.9473333333333
2022-08-06 20:37:00,-52.9099396656653,46.9118079334433,1.95119653508742,21.4726666666667
2022-08-06 20:52:00,-52.9102045993313,46.9125912000523,3.51001419456928,22.9513333333333
2022-08-06 21:07:00,-52.924202949446,46.8851045072987,3.07964465577608,20.4846666666667
2022-08-06 21:22:00,-52.9293887334439,46.8748988000291,1.99002675111955,19.6186666666667
2022-08-06 21:37:00,-52.9303746032751,46.8743366680761,1.72515167503146,19.108
2022-08-06 21:52:00,-52.9310711995299,46.8743458002043,1.64847534748904,18.2766666666667
2022-08-06 22:07:00,-52.9316157997932,46.8744903336127,1.56873970570152,17.72
2022-08-06 22:22:00,-52.9320763747909,46.8745967501951,1.62735178297946,17.524375
2022-08-06 22:37:00,-52.9323389996588,46.8749330000381,2.87050736164284,17.3433333333333
2022-08-06 22:52:00,-52.9238883917751,46.8716164910439,2.5579722322161,17.2033333333333
2022-08-06 23:07:00,-52.9195080006846,46.8703730000465,1.91292195202413,17.01375
2022-08-06 23:22:00,-52.9191930012215,46.8710768001729,1.9245226154962,16.914
2022-08-06 23:37:00,-52.9186634017904,46.8717400004022,1.99644606293706,17.168
2022-08-06 23:52:00,-52.9180870022135,46.8725400003218,2.0669030875542,17.412
2022-08-07 00:07:00,-52.9170468041752,46.8733098019584,2.20151863537146,17.424
2022-08-07 00:22:00,-52.9152298067881,46.8740132046889,2.2653957745817,17.208
2022-08-07 00:37:00,-52.9129430044757,46.8745502060246,2.24782849257768,16.774
2022-08-07 00:52:00,-52.9106329998127,46.8747074436775,2.24054283004084,16.6825
2022-08-07 01:07:00,-52.9083563311997,46.8745933390716,2.23901715383332,16.498
2022-08-07 01:22:00,-52.906109663779,46.8743490719172,2.1167959678274,16.18
2022-08-07 01:37:00,-52.9043987337259,46.8742522017895,2.21586808443113,16.0086666666667
2022-08-07 01:52:00,-52.9022442675729,46.8743187425597,2.34825416080443,15.872
2022-08-07 02:07:00,-52.8993999861828,46.8738500095814,2.37042686168976,15.715
2022-08-07 02:22:00,-52.8967577856001,46.8727666733588,2.37747624713587,15.4273333333333
2022-08-07 02:37:00,-52.8942821841841,46.8714546065956,2.34693532266341,15.2206666666667
2022-08-07 02:52:00,-52.8922436560001,46.8700244692758,2.33798920838291,15.168
2022-08-07 03:07:00,-52.8904689206098,46.8684892550373,2.37423948152341,15.334375
2022-08-07 03:22:00,-52.8885167856579,46.8668330035167,2.3776426845036,15.482
2022-08-07 03:37:00,-52.886676985807,46.8650966035821,2.37719476902439,15.302
2022-08-07 03:52:00,-52.8847401849008,46.8634134044704,2.39046509999937,15.256
2022-08-07 04:07:00,-52.8827399840067,46.8616798037781,2.40259893116752,15.036
2022-08-07 04:22:00,-52.8808131841736,46.8598300040488,2.41873763591214,14.79
2022-08-07 04:37:00,-52.8789129821633,46.8578632033915,2.46721388374209,14.688
2022-08-07 04:52:00,-52.8770729790595,46.8555466037781,2.46889872161586,14.63
2022-08-07 05:07:00,-52.8752707322735,46.8532045031884,2.38680717392092,14.57375
2022-08-07 05:22:00,-52.873905661366,46.8512223339338,2.23642505547601,14.6233333333333
2022-08-07 05:37:00,-52.8732219976698,46.8497443335647,2.152638541628,14.5866666666667
2022-08-07 05:52:00,-52.873033335789,46.8484723334938,2.19893199952346,14.3466666666667
2022-08-07 06:07:00,-52.8734776693125,46.8470830002806,2.10402117110342,14.3233333333333
2022-08-07 06:22:00,-52.8741553362654,46.8460386675771,2.07109464755206,14.24
2022-08-07 06:37:00,-52.8752165672979,46.845268751668,2.09636601379165,14.1825
2022-08-07 06:52:00,-52.8764663351533,46.8445433346695,2.02834954598343,14.0866666666667
2022-08-07 07:07:00,-52.8777475350748,46.8441566682636,2.04219816602194,13.9966666666667
2022-08-07 07:22:00,-52.879149999634,46.8439178685882,2.06545332640985,13.826
2022-08-07 07:37:00,-52.8806499971823,46.8441046019216,2.07254309306492,13.6986666666667
2022-08-07 07:52:00,-52.8820957499178,46.8444872515672,1.92027662490829,13.5675
2022-08-07 08:07:00,-52.8831863999466,46.8445134000553,2.42950032003175,13.722
2022-08-07 08:22:00,-52.8863131693391,46.8456303478339,3.20631630707957,13.872
2022-08-07 08:37:00,-52.9038319393711,46.8536835993485,3.39341569501487,13.826
2022-08-07 08:52:00,-52.9272300011652,46.869106400091,2.23464719390769,14.026
2022-08-07 09:07:00,-52.9285033560058,46.870380042031,2.67924163164992,14.462
2022-08-07 09:22:00,-52.9345969954083,46.8713866002565,2.33624687339897,14.718
2022-08-07 09:37:00,-52.9339102024657,46.8694930007505,2.41165386866498,14.982
2022-08-07 09:52:00,-52.9308198517516,46.8704398892112,2.86830811273635,15.11
2022-08-07 10:07:00,-52.9213451303201,46.8718231908637,2.23887477046318,14.561875
2022-08-07 10:22:00,-52.9193570015501,46.8725800007302,2.07258445499421,15.0546666666667
2022-08-07 10:37:00,-52.9181703362536,46.8732644006144,2.19602706726901,15.6793333333333
2022-08-07 10:52:00,-52.9170770021862,46.8744619338937,2.10309410686571,15.7946666666667
2022-08-07 11:07:00,-52.9159847338248,46.8753222676125,2.0390890393019,16.1206666666667
2022-08-07 11:22:00,-52.914572875985,46.8755002515779,2.12271180583904,16.01
2022-08-07 11:37:00,-52.9128786010893,46.87577300067,2.1195148090536,16.5606666666667
2022-08-07 11:52:00,-52.9113947336043,46.8763796667026,1.90994629237429,16.3986666666667
2022-08-07 12:07:00,-52.911041933726,46.8770696667751,1.89864721070922,15.9573333333333
2022-08-07 12:22:00,-52.9103514005709,46.8776019341536,2.12436939826814,15.9533333333333
2022-08-07 12:37:00,-52.9086619340749,46.8779070003135,2.02697278345243,16.366
2022-08-07 12:52:00,-52.907584688626,46.8785159379482,2.09534842317311,15.71
2022-08-07 13:07:00,-52.9063499999999,46.8792500000028,2.08883032361875,17.21
2022-08-07 13:22:00,-52.9049829999999,46.8798330000028,1.76269139410712,17.55
2022-08-07 13:37:00,-52.9043999999999,46.8801670000028,1.82467783405256,17.05
2022-08-07 13:52:00,-52.9036659377991,46.8804951251621,1.86601472010875,16.496875
2022-08-07 14:07:00,-52.9036011333467,46.8811544666724,1.88161248548188,15.4986666666667
2022-08-07 14:22:00,-52.9036774666008,46.8818374666742,2.00824860669739,15.6073333333333
2022-08-07 14:37:00,-52.902968067363,46.882614733498,1.99889967819039,15.9466666666667
2022-08-07 14:52:00,-52.9019519339928,46.8831803336287,3.51771978415086,15.7553333333333
2022-08-07 15:07:00,-52.9087585988555,46.9124452813796,4.00598111240617,21.592
2022-08-07 15:22:00,-52.8646724697775,46.9985186852731,3.57353457896131,25.7993333333333
2022-08-07 15:37:00,-52.8483234541657,47.0303078538634,2.21971407689595,19.7326666666667
2022-08-07 15:52:00,-52.8462321978192,47.0307341337507,2.21034721728341,18.7853333333333
2022-08-07 16:07:00,-52.8446624964604,47.0297440013814,2.20901388129467,18.47
2022-08-07 16:22:00,-52.8428899969446,47.0289375349685,2.18238056145736,18.1526666666667
2022-08-07 16:37:00,-52.8411185976434,47.0282991349093,2.28223698469478,18.5
2022-08-07 16:52:00,-52.8386010677096,47.0283756034924,3.28992887491381,17.6066666666667
2022-08-07 17:07:00,-52.8612891447363,47.0201956220542,3.52856703562679,21.438
2022-08-07 17:22:00,-52.8990820509645,47.0042279279049,3.54180047786353,23.374375
2022-08-07 17:37:00,-52.944796314753,47.0024481559664,2.7057339030058,19.816
2022-08-07 17:52:00,-52.9477565122494,47.0065436458915,2.29213755936902,21.506
2022-08-07 18:07:00,-52.9491330338867,47.0050534097988,2.06273596179928,20.586
2022-08-07 18:22:00,-52.9479101998743,47.0044364042407,2.28241243321752,20.038
2022-08-07 18:37:00,-52.9454298028567,47.0047402043028,2.98033644235213,20.016
2022-08-07 18:52:00,-52.9331200997368,47.003003551848,3.41486354653474,19.396
2022-08-07 19:07:00,-52.8990043029595,47.0015389089569,2.97260189891667,21.7225
2022-08-07 19:22:00,-52.8866854118876,47.0021042059112,2.44354328889612,21.1713333333333
2022-08-07 19:37:00,-52.8834896816013,47.0033130098454,2.44067244847667,19.636
2022-08-07 19:52:00,-52.8802455157247,47.0044236358159,2.3800231738803,18.42125
2022-08-07 20:07:00,-52.8774276767106,47.0053943400447,2.33859525845174,18.4733333333333
2022-08-07 20:22:00,-52.8750053440999,47.006444671865,2.3397141866712,18.3566666666667
2022-08-07 20:37:00,-52.872444342073,47.0073390069684,2.28611753914822,17.4966666666667
2022-08-07 20:52:00,-52.8700386709107,47.0079000049766,2.30096867776066,17.5366666666667
2022-08-07 21:07:00,-52.8674496695267,47.0082166739871,2.32545992114471,17.67
2022-08-07 21:22:00,-52.8664292519667,47.0099875000338,3.54025082690101,17.765
2022-08-07 21:37:00,-52.8857002084538,47.0382812853872,3.37751720104294,20.078
2022-08-07 21:52:00,-52.9032200219722,47.0560866619341,2.24799150360159,20.394
2022-08-07 22:07:00,-52.9055500025315,47.0561030016377,2.3329596231092,19.328
2022-08-07 22:22:00,-52.9074601623204,47.0575334168601,2.97626023994758,18.936
2022-08-07 22:37:00,-52.896175798147,47.0611510155031,3.2333981429595,18.53984375
2022-08-07 22:52:00,-52.8746874707525,47.0657878264766,3.23339599681437,18.10625
2022-08-07 23:07:00,-52.8531954063604,47.0704206177095,3.23339387922752,17.67265625
2022-08-07 23:22:00,-52.8316996069578,47.075049387851,3.08519547847963,17.2390625
2022-08-07 23:37:00,-52.8162669942746,47.0779943438705,2.40515792034925,16.7966666666667
2022-08-07 23:52:00,-52.8130003244318,47.0774946765752,2.38993019794677,16.54
2022-08-08 00:07:00,-52.8099723223302,47.0767223403057,2.35092508563624,16.7
2022-08-08 00:22:00,-52.8073829904918,47.0757503389094,2.34451116048129,16.87
2022-08-08 00:37:00,-52.8049548591452,47.0746532565716,2.40927313900527,16.945
2022-08-08 00:52:00,-52.8024087147362,47.0731354062835,2.47366044733235,16.8793333333333
2022-08-08 01:07:00,-52.7996303122261,47.071247007412,2.49279912590636,16.8766666666667
2022-08-08 01:22:00,-52.7967645793769,47.0692479392436,2.48222374658057,16.9553333333333
2022-08-08 01:37:00,-52.7942863170432,47.0671054035822,2.46115192794958,17.0286666666667
2022-08-08 01:52:00,-52.7922372314416,47.0649127538943,2.49362605088502,17.245
2022-08-08 02:07:00,-52.790083377775,47.0625266046515,2.57036429772753,17.428
2022-08-08 02:22:00,-52.7875601803565,47.0596598036382,2.55738146973681,17.482
2022-08-08 02:37:00,-52.7852563804509,47.05682020396,2.55324792822686,17.434
2022-08-08 02:52:00,-52.7828499783755,47.0540564043579,2.57674160600316,17.534
2022-08-08 03:07:00,-52.7804433797698,47.0510866028838,2.60508896720548,17.538
2022-08-08 03:22:00,-52.7784101788532,47.0477398028866,2.60894087491271,17.504
2022-08-08 03:37:00,-52.7766097912988,47.0442970005279,2.5450730758779,17.554
2022-08-08 03:52:00,-52.7757825578585,47.0411919378465,2.39482095008234,17.51125
2022-08-08 04:07:00,-52.7751177298817,47.0390056001971,2.46804094781597,17.4366666666667
2022-08-08 04:22:00,-52.7743941917697,47.0364091343474,2.50348288644791,17.5213333333333
2022-08-08 04:37:00,-52.7730424607692,47.0336942004444,2.51052453661807,17.7353333333333
2022-08-08 04:52:00,-52.77208099377,47.0308545007096,2.44713550848433,17.37625
2022-08-08 05:07:00,-52.7709358622686,47.0284603337401,2.54726694319534,17.3446666666667
2022-08-08 05:22:00,-52.769725530034,47.0253980670102,2.47168714530633,17.2653333333333
2022-08-08 05:37:00,-52.7686429979488,47.0228374667698,2.51268750122745,17.1966666666667
2022-08-08 05:52:00,-52.7680696660878,47.0199344666832,2.44539460264999,17.156
2022-08-08 06:07:00,-52.767844131431,47.017430333431,2.49642284340509,17.2433333333333
2022-08-08 06:22:00,-52.7672844659243,47.0146347333537,2.48354933787621,17.276
2022-08-08 06:37:00,-52.7670357484003,47.0119007500694,2.4856395715675,17.12375
2022-08-08 06:52:00,-52.7665669999999,47.0091670000028,2.59760255445301,17.78
2022-08-08 07:07:00,-52.7655999999999,47.0056670000028,2.54889034075426,17.38
2022-08-08 07:22:00,-52.7646499999999,47.0025500000028,2.52135469733326,17.6
2022-08-08 07:37:00,-52.7634999999999,46.9996670000028,2.46538751704889,17.42
2022-08-08 07:52:00,-52.7629499999999,46.9970670000028,2.44725822878935,17.4
2022-08-08 08:07:00,-52.7615437459144,46.9947382505795,3.67135469702016,17.71875
2022-08-08 08:22:00,-52.8230036229104,46.9910692446143,3.73362376852717,19.0933333333333
2022-08-08 08:37:00,-52.8888614983517,46.9725715075508,3.92511313630552,19.7873333333333
2022-08-08 08:52:00,-52.9155121411889,46.8990887539628,3.49426546533255,19.6153333333333
2022-08-08 09:07:00,-52.9342657800027,46.8741293082259,2.85748494477726,16.065
2022-08-08 09:22:00,-52.9288588773666,46.8688153080341,2.38698250637875,16.4873333333333
2022-08-08 09:37:00,-52.925945272951,46.8697191352857,2.8173678980686,15.1566666666667
2022-08-08 09:52:00,-52.934363710579,46.8709733257217,2.79425470032428,13.48375
2022-08-08 10:07:00,-52.9264294027909,46.8696421433297,2.54793872448601,13
2022-08-08 10:22:00,-52.9218578667666,46.8691287358492,1.88403292924119,14.4606666666667
2022-08-08 10:37:00,-52.9208742004805,46.8692679337767,1.38385379697859,14.7386666666667
2022-08-08 10:52:00,-52.9205612665958,46.8692312000291,0.925174773902593,15.3
2022-08-08 11:07:00,-52.9206145332687,46.8692975333541,1.00370631693934,15.8113333333333
2022-08-08 11:22:00,-52.9205158000225,46.8693579333675,0.876982192322056,15.8293333333333
2022-08-08 11:37:00,-52.9204178666665,46.8693670000095,1.09291850187003,16.5186666666667
2022-08-08 11:52:00,-52.92031419995,46.8692812000173,1.97782782767329,16.5966666666667
2022-08-08 12:07:00,-52.9199896650882,46.8684558001419,1.84904209350515,16.6913333333333
2022-08-08 12:22:00,-52.9196767494595,46.8678576250899,1.74933032729315,17.23125
2022-08-08 12:37:00,-52.9194723329779,46.8673723333657,1.92437708719055,17.7833333333333
2022-08-08 12:52:00,-52.9193389995799,46.8666220000189,1.92265508436799,17.9033333333333
2022-08-08 13:07:00,-52.9199333353625,46.8659890008789,1.72569555138075,19.9066666666667
2022-08-08 13:22:00,-52.9205280002018,46.8657390001739,1.89397162231087,20.0066666666667
2022-08-08 13:37:00,-52.9215107515736,46.8655331268655,1.74334779463025,19.36875
2022-08-08 13:52:00,-52.9222365997806,46.8655134001457,1.8487802595203,18.588
2022-08-08 14:07:00,-52.9225534013762,46.8649166000899,2.16772794775636,18.398
2022-08-08 14:22:00,-52.9227966014155,46.8636034000544,1.97374699670727,18.864
2022-08-08 14:37:00,-52.92255506134,46.8627728753699,1.94998348644006,18.77875
2022-08-08 14:52:00,-52.9223176001706,46.8619878000069,2.04273308552068,18.1493333333333
2022-08-08 15:07:00,-52.9223596668714,46.8609955333417,1.89764827219297,17.214
2022-08-08 15:22:00,-52.9224811338023,46.860289666709,1.82430641435858,16.7793333333333
2022-08-08 15:37:00,-52.922887001435,46.8597578003958,2.01594443200681,16.9733333333333
2022-08-08 15:52:00,-52.9236470041717,46.8589836675501,2.0874975634694,17.2446666666667
2022-08-08 16:07:00,-52.9246979370839,46.8581522015223,2.11831953388771,17.3906666666667
2022-08-08 16:22:00,-52.925703338061,46.8571930007887,2.1141248790229,17.7946666666667
2022-08-08 16:37:00,-52.9264000028379,46.8561250003976,1.93301708758817,17.88
2022-08-08 16:52:00,-52.926544599151,46.8553603334592,1.78041823386768,17.7973333333333
2022-08-08 17:07:00,-52.9265303341994,46.8548178001384,1.94492770524819,17.8133333333333
2022-08-08 17:22:00,-52.92682637626,46.8540517500727,2.08450853854654,17.490625
2022-08-08 17:37:00,-52.9268933990271,46.852959800041,2.10176618574907,17.206
2022-08-08 17:52:00,-52.92648979678,46.8518568005671,2.01615709301194,17.102
2022-08-08 18:07:00,-52.9258249984289,46.8510420003731,1.87516440736053,17.435
2022-08-08 18:22:00,-52.9252723321203,46.8504836669472,1.82834875966522,17.4266666666667
2022-08-08 18:37:00,-52.9246389994236,46.850061334012,1.76936238982206,16.7233333333333
2022-08-08 18:52:00,-52.9238776668781,46.8499776670395,1.68401082584704,16.5533333333333
2022-08-08 19:07:00,-52.9232446660704,46.8499610004362,1.7773836580217,16.6066666666667
2022-08-08 19:22:00,-52.9225666655544,46.8496890004798,1.66713555603857,16.0166666666667
2022-08-08 19:37:00,-52.9220790625044,46.8494383125099,3.26612827573849,15.078125
2022-08-08 19:52:00,-52.9290120132113,46.8335305825108,3.8096669492265,15.8653333333333
2022-08-08 20:07:00,-52.9607494255988,46.7797340230286,3.49046755476633,19.3973333333333
2022-08-08 20:22:00,-52.9839836074492,46.7569357297062,3.68123537092338,16.322
2022-08-08 20:37:00,-52.9476880511877,46.7921915258904,3.83725148266819,15.5613333333333
2022-08-08 20:52:00,-52.9330353999999,46.8532170010661,1.88166406538491,18.4686666666667
2022-08-08 21:07:00,-52.9320479342174,46.8533191336813,2.33317820703664,18.5346666666667
2022-08-08 21:22:00,-52.9321163938981,46.8513821367452,2.85130122269775,17.2926666666667
2022-08-08 21:37:00,-52.9337462718176,46.8450925523318,1.9642515603373,15.3287755102041
2022-08-08 21:52:00,-52.9343585308236,46.8443783714875,1.9642515825338,14.9491836734694
2022-08-08 22:07:00,-52.9349707735508,46.8436641873787,1.96425160602889,14.5695918367347
2022-08-08 22:22:00,-52.9355829999999,46.8429500000028,2.93554675712051,14.19
2022-08-08 22:37:00,-52.9282169999999,46.8488330000028,1.63079999849485,14.28
2022-08-08 22:52:00,-52.9287329999999,46.8489830000028,1.40793927008687,14.25
2022-08-08 23:07:00,-52.9285669999999,46.8487830000028,1.44389740652045,14.28
2022-08-08 23:22:00,-52.9282329999999,46.8486830000029,1.67377200531072,14.25
2022-08-08 23:37:00,-52.9277329999999,46.8484330000028,1.58445911627591,14.48
2022-08-08 23:52:00,-52.9279829999999,46.8481330000028,1.78779511669474,14.38
2022-08-09 00:07:00,-52.9280499999999,46.8475830000028,2.22098494677804,14.56
2022-08-09 00:22:00,-52.9297684394653,46.8466614383629,2.25934931278078,15.01
2022-08-09 00:37:00,-52.9314388689508,46.8454958674252,2.38935604327643,15.04
2022-08-09 00:52:00,-52.9339925374252,46.8441570018612,2.22744741284784,15.2453333333333
2022-08-09 01:07:00,-52.9350070014071,46.8428070002251,2.18070814486122,14.924
2022-08-09 01:22:00,-52.9361896280036,46.8417107507896,2.26909813097033,14.87375
2022-08-09 01:37:00,-52.9379100046455,46.8405270016359,2.18831857436521,14.9566666666667
2022-08-09 01:52:00,-52.9390886026015,46.8393989339292,1.97942482808673,14.9006666666667
2022-08-09 02:07:00,-52.9396810674448,46.8386433334735,1.99005056112755,14.8986666666667
2022-08-09 02:22:00,-52.9403325641607,46.8378861878467,2.09728496726941,15.233125
2022-08-09 02:37:00,-52.9408270015408,46.8368130001467,1.49282677949311,14.95
2022-08-09 02:52:00,-52.9404770007646,46.8369566002164,3.27344425624923,15.148
2022-08-09 03:07:00,-52.9158734197083,46.8372242530907,2.49637439096844,15.676
2022-08-09 03:22:00,-52.9117636011241,46.8371470044195,2.09757979855374,15.686
2022-08-09 03:37:00,-52.9132270021437,46.8366370010089,2.39989903251568,15.588
2022-08-09 03:52:00,-52.9164398051671,46.8361434096261,2.23307306616575,15.514
2022-08-09 04:07:00,-52.9185702024936,46.8356636021005,2.07870646229609,15.372
2022-08-09 04:22:00,-52.9198665030212,46.8350540013142,2.17119322479694,15.5425
2022-08-09 04:37:00,-52.9214421385378,46.8342721358494,2.33884803714215,15.522
2022-08-09 04:52:00,-52.9239408767934,46.8333166732674,2.2386602952955,15.5633333333333
2022-08-09 05:07:00,-52.9256979382835,46.83232913497,2.1589580790641,15.6193333333333
2022-08-09 05:22:00,-52.9271420708485,46.8314920685024,2.09986515251185,15.542
2022-08-09 05:37:00,-52.9283813788622,46.8307446889302,2.17063684015421,15.475625
2022-08-09 05:52:00,-52.9297003397003,46.8297666685689,2.10669973956224,15.4533333333333
2022-08-09 06:07:00,-52.930633669222,46.8288113338132,2.12363836633967,15.33
2022-08-09 06:22:00,-52.9314670042192,46.8277610007895,2.06610614379263,15.2033333333333
2022-08-09 06:37:00,-52.9326443356889,46.8270943350148,2.16434574253501,15.19
2022-08-09 06:52:00,-52.9337830059335,46.8260386677392,2.15194421380456,15.2333333333333
2022-08-09 07:07:00,-52.9348205046326,46.8249792512406,1.98777809460405,15.39375
2022-08-09 07:22:00,-52.9356530015624,46.8243170005178,1.9783733602133,15.318
2022-08-09 07:37:00,-52.9363032024348,46.8235866004036,2.34623118556518,15.324
2022-08-09 07:52:00,-52.9335406131711,46.8229613431779,1.90748810723243,15.619375
2022-08-09 08:07:00,-52.9328176084245,46.8224300099755,2.28427242304768,15.454
2022-08-09 08:22:00,-52.9352463364117,46.8219633372515,3.15001826935754,15.1653333333333
2022-08-09 08:37:00,-52.9350132347154,46.8346709381185,3.08046053925659,15.3673333333333
2022-08-09 08:52:00,-52.9338747459124,46.8454705003328,1.99568443504315,15.55
2022-08-09 09:07:00,-52.9335780268432,46.8446033128584,1.79859235283121,15.56875
2022-08-09 09:22:00,-52.9341799970901,46.8442166039794,2.33080739235653,15.5
2022-08-09 09:37:00,-52.9362167727365,46.845543404913,2.23998966552033,15.412
2022-08-09 09:52:00,-52.9370701970054,46.8469930013096,2.08222903911675,15.388
2022-08-09 10:07:00,-52.9355187658931,46.8472142556415,2.15862719044105,15.445
2022-08-09 10:22:00,-52.9343609993552,46.8482386675146,1.69959810027296,15.6266666666667
2022-08-09 10:37:00,-52.9343776743075,46.8486890031967,1.95230209062866,15.46
2022-08-09 10:52:00,-52.9336723339604,46.8493336688962,2.05596320905493,15.36
2022-08-09 11:07:00,-52.9351623727541,46.849381377207,2.39320196124183,15.101875
2022-08-09 11:22:00,-52.9363236793835,46.8473042001419,2.84783153491442,15.1473333333333
2022-08-09 11:37:00,-52.936919132096,46.8409800010988,1.93448893678243,15.18
2022-08-09 11:52:00,-52.9379187988087,46.8413378670135,1.89590458490787,15.2153333333333
2022-08-09 12:07:00,-52.9386987319713,46.8418012678661,1.86490362655753,14.9993333333333
2022-08-09 12:22:00,-52.939637933672,46.8419396667326,1.70477707528641,14.986
2022-08-09 12:37:00,-52.9401455006542,46.8416455012814,1.94923178840559,15.11
2022-08-09 12:52:00,-52.9413029997803,46.8415464008487,2.25783280124064,15.238
2022-08-09 13:07:00,-52.9400900098747,46.8429466763148,2.94544383507232,14.816
2022-08-09 13:22:00,-52.9318969971393,46.84854640057,2.07331454522178,14.934
2022-08-09 13:37:00,-52.9327544371194,46.8494343128621,1.85913934558345,15.040625
2022-08-09 13:52:00,-52.9336277298197,46.8496875355222,2.25783095674449,15.2426666666667
2022-08-09 14:07:00,-52.9355952979108,46.848775800751,3.48925567757201,15.094
2022-08-09 14:22:00,-52.951361410522,46.8232169766525,4.16667973887705,14.8706666666667
2022-08-09 14:37:00,-53.0527414135764,46.7110301362113,3.99210959642799,14.832
2022-08-09 14:52:00,-53.0913044204865,46.6267675335978,3.09258893866544,14.034
2022-08-09 15:07:00,-53.0906852667954,46.6378936666725,2.50884725280568,13.2353333333333
2022-08-09 15:22:00,-53.0914022484911,46.6350324806367,2.42697861310453,12.2266666666667
2022-08-09 15:37:00,-53.0933566998571,46.6370249577999,3.15720771066274,13.0825
2022-08-09 15:52:00,-53.0754896883009,46.6409614100918,2.73322022310608,13.3046666666667
2022-08-09 16:07:00,-53.0804851647851,46.6375186296988,3.06172751314238,13.248
2022-08-09 16:22:00,-53.0711192226571,46.6293992098718,2.77037083730074,13.4646666666667
2022-08-09 16:37:00,-53.0771922237639,46.6261422119318,2.7928284962716,12.9726666666667
2022-08-09 16:52:00,-53.0839008299033,46.623009683025,2.84340680721484,13.0073333333333
2022-08-09 17:07:00,-53.0916302125749,46.6196945150735,2.80270903504142,12.964375
2022-08-09 17:22:00,-53.0988329999999,46.6168670000029,2.86750984293776,12.88
2022-08-09 17:37:00,-53.1075329999999,46.6140330000029,2.92427718391481,12.88
2022-08-09 17:52:00,-53.1176499999999,46.6111170000029,2.96672596576996,12.76
2022-08-09 18:07:00,-53.1293999999999,46.6091500000029,2.94519440096084,12.4
2022-08-09 18:22:00,-53.1407169999999,46.6077170000028,2.98647197959655,12.45
2022-08-09 18:37:00,-53.1532499999999,46.6065170000028,3.01369023906689,12.44
2022-08-09 18:52:00,-53.1666669999999,46.6056830000029,3.21636002843709,12.03
2022-08-09 19:07:00,-53.1682169999999,46.6204500000029,3.04654888806602,13.05
2022-08-09 19:22:00,-53.1559279722802,46.6257974760923,3.04654760856659,12.5225806451613
2022-08-09 19:37:00,-53.1436365167037,46.6311436361407,2.50360898771619,11.9951612903226
2022-08-09 19:52:00,-53.1477011396502,46.6305200074283,2.44405673304743,12.3333333333333
2022-08-09 20:07:00,-53.1512700016538,46.6300608032319,2.30093147479747,12.1733333333333
2022-08-09 20:22:00,-53.1537023786416,46.6294065030242,2.40246428044831,11.8975
2022-08-09 20:37:00,-53.1568622712224,46.628753672098,2.18791713083638,11.626
2022-08-09 20:52:00,-53.158816664862,46.6290856015474,2.88985688110731,11.8066666666667
2022-08-09 21:07:00,-53.1493581339233,46.6315914629609,3.03025673288237,11.7793333333333
2022-08-09 21:22:00,-53.1353575153287,46.631460971548,3.27660067530582,11.7353333333333
2022-08-09 21:37:00,-53.1197252902913,46.6182964592449,2.68419693942424,13.1253333333333
2022-08-09 21:52:00,-53.1244342170547,46.6154024978197,2.8585481553295,13.3573333333333
2022-08-09 22:07:00,-53.1294380104414,46.6098976933249,2.8877763214312,13.5509375
2022-08-09 22:22:00,-53.1340005097592,46.6037021701478,2.74741941440336,13.77125
2022-08-09 22:37:00,-53.1407654086579,46.6018175821077,2.74102158200263,13.588
2022-08-09 22:52:00,-53.1479530012731,46.6016963756826,3.13291934551413,13.5
2022-08-09 23:07:00,-53.1450417463808,46.5896446363638,2.63092973900997,12.9426666666667
2022-08-09 23:22:00,-53.1457289260742,46.585828011689,2.44327797415736,12.664375
2022-08-09 23:37:00,-53.1492556597095,46.5863943461243,2.47453586065396,12.5833333333333
2022-08-09 23:52:00,-53.1531336650269,46.5866166821626,2.494117124731,12.5266666666667
2022-08-10 00:07:00,-53.1571776594491,46.586938682678,2.5029278514517,12.47
2022-08-10 00:22:00,-53.1612889932209,46.5873496832179,2.5363071963337,12.49
2022-08-10 00:37:00,-53.1657607460619,46.5875980250249,2.63438606003082,12.75375
2022-08-10 00:52:00,-53.1713369803448,46.5880966401983,2.72640461620784,12.534
2022-08-10 01:07:00,-53.1782065762234,46.5888234559697,2.76685492822702,12.344
2022-08-10 01:22:00,-53.1857433705356,46.5896366617413,2.8027659657483,12.35
2022-08-10 01:37:00,-53.1939565740562,46.590393476727,2.84449618765629,12.36
2022-08-10 01:52:00,-53.2030229708638,46.5910870923936,2.84400420392838,12.422
2022-08-10 02:07:00,-53.2121133901657,46.5915170825288,2.85804096940978,12.354
2022-08-10 02:22:00,-53.2215169885164,46.5917766994014,2.85469564245655,12.05
2022-08-10 02:37:00,-53.2308355376994,46.5922020369936,2.85242899741921,11.85625
2022-08-10 02:52:00,-53.2401257508157,46.5922367648815,2.85731325685959,12.166
2022-08-10 03:07:00,-53.2495179319268,46.5920676934448,2.8530265607485,12.268
2022-08-10 03:22:00,-53.2588190573822,46.5921988274638,2.84884564245368,11.8333333333333
2022-08-10 03:37:00,-53.2680288596756,46.5923891567798,2.85508832679728,11.6053333333333
2022-08-10 03:52:00,-53.277332949542,46.5930086111094,2.87098268051799,11.435
2022-08-10 04:07:00,-53.2868788069347,46.5941801006439,2.87839825770326,11.1806666666667
2022-08-10 04:22:00,-53.2965590107883,46.595483436056,2.87773047092391,11.1413333333333
2022-08-10 04:37:00,-53.306253283115,46.5966788343113,2.87637922381127,11.1626666666667
2022-08-10 04:52:00,-53.3159186777374,46.5978664350028,2.87326296154633,11.162
2022-08-10 05:07:00,-53.3255088165675,46.5990697642002,2.85524098296855,11.2006666666667
2022-08-10 05:22:00,-53.33469387893,46.6002811579036,2.83312270858301,11.2775
2022-08-10 05:37:00,-53.3434467720197,46.6013432776414,2.81626791841989,11.418
2022-08-10 05:52:00,-53.3519169671075,46.602143071169,2.80744209835512,11.388
2022-08-10 06:07:00,-53.3601333469295,46.603269869727,2.80357973997447,11.216
2022-08-10 06:22:00,-53.3682329663295,46.6045300669211,2.77536602035974,11.208
2022-08-10 06:37:00,-53.3758929704446,46.6054732534569,2.72812293026252,11.152
2022-08-10 06:52:00,-53.3827832334988,46.6062392990979,2.70589372018956,10.9
2022-08-10 07:07:00,-53.3893613139976,46.6068163772262,2.72708196051893,11.0466666666667
2022-08-10 07:22:00,-53.3962333064342,46.6075887161639,2.73289039406956,11.1766666666667
2022-08-10 07:37:00,-53.4031977971565,46.6083719213008,2.71265425037929,11.0625
2022-08-10 07:52:00,-53.4098996586543,46.6088345750834,2.7426815279951,11.0926666666667
2022-08-10 08:07:00,-53.4171041929883,46.6091337180659,2.76537704962348,11.1426666666667
2022-08-10 08:22:00,-53.4247066718286,46.609263710225,2.73991993822346,11.2226666666667
2022-08-10 08:37:00,-53.4318745350781,46.6090991777117,2.72885125957016,11.16
2022-08-10 08:52:00,-53.438860345552,46.6089079010243,2.70660996120474,11.2753333333333
2022-08-10 09:07:00,-53.4454724710868,46.6084725124831,2.93474615462275,11.266
2022-08-10 09:22:00,-53.455707049881,46.6116614827026,3.3316350689912,11.448
2022-08-10 09:37:00,-53.4761193906772,46.6248841502315,3.31595308883719,12.0975
2022-08-10 09:52:00,-53.4969436368249,46.6367542839583,2.47146776173095,12.0140425531915
2022-08-10 10:07:00,-53.4952469110124,46.6343606886716,2.47146733171589,12.0842553191489
2022-08-10 10:22:00,-53.4935503352868,46.631967068305,2.47766577541892,12.1544680851064
2022-08-10 10:37:00,-53.4921023853941,46.6294559387033,2.68795981480524,12.20625
2022-08-10 10:52:00,-53.4941329999999,46.6253000000029,2.6490849985745,12
2022-08-10 11:07:00,-53.4986829999999,46.6228000000028,2.67206775321487,12.15
2022-08-10 11:22:00,-53.503717,46.6203830000029,2.68256768855287,12.53
2022-08-10 11:37:00,-53.508867,46.6179000000029,2.72415550693716,13.12
2022-08-10 11:52:00,-53.514567,46.6152000000028,2.70354939836238,12.54
2022-08-10 12:07:00,-53.5198,46.6124330000029,2.77239121244025,12.35
2022-08-10 12:22:00,-53.52605,46.6093000000028,2.77360767904272,12.82
2022-08-10 12:37:00,-53.5316122129583,46.6055809464907,4.00851338993994,12.454375
2022-08-10 12:52:00,-53.6509924489205,46.6462024762358,4.07439820204566,15.7713333333333
2022-08-10 13:07:00,-53.7916059843621,46.6912157664233,4.08131382683016,15.1326666666667
2022-08-10 13:22:00,-53.9415884742853,46.72466474735,4.09836168535667,17.002
2022-08-10 13:37:00,-54.0924196154561,46.7690789650427,3.85311730240617,18.54
